File,Date,Rank,Comic-book_Title,Issue,Price,Publisher,Units_Sold,Writer,Rating,Movie_Title,Box_Office_Start,Box_Office_End,Worldwide_Box_Office,Metascore,User_Score
2015-11.csv,2015-11,6,All New All Different Avengers,1,4.99,Marvel,128570,Mark Waid,6.7,Iron Man,5/2/2008,9/27/2008,"585,071,547.00",79,8.5
2015-12.csv,2015-12,23,All New All Different Avengers,2,3.99,Marvel,67154,Mark Waid,6.5,The Incredible Hulk,6/13/2008,8/29/2008,"265,573,859.00",61,7.2
2016-01.csv,2016-01,18,All New All Different Avengers,3,3.99,Marvel,57584,Mark Waid,6.7,Iron Man 2,5/7/2010,8/13/2010,"621,156,389.00",57,6.5
2016-01.csv,2016-01,19,All New All Different Avengers,4,3.99,Marvel,57114,Mark Waid,7.2,Thor,5/6/2011,8/19/2011,"449,326,618.00",57,7
2016-02.csv,2016-02,20,All New All Different Avengers,5,3.99,Marvel,51740,Mark Waid,7.7,Captain America,7/22/2011,11/4/2011,"370,569,776.00",66,7.3
2016-02.csv,2016-02,25,All New All Different Avengers,6,3.99,Marvel,48022,Mark Waid,7.2,Avengers,5/4/2012,9/28/2012,"1,518,812,988.00",69,8
2016-03.csv,2016-03,22,All New All Different Avengers,7,3.99,Marvel,52631,Mark Waid,7,Iron Man 3,5/3/2013,8/30/2013,"1,215,392,272.00",62,6.5
2016-04.csv,2016-04,30,All New All Different Avengers,8,3.99,Marvel,51925,Mark Waid,7.1,Thor Dark World,11/8/2013,4/11/2014,"644,602,516.00",54,7.1
2016-05.csv,2016-05,21,All New All Different Avengers,9,3.99,Marvel,52296,Mark Waid,7.7,Captain America Winter Soldier,4/4/2014,8/8/2014,"714,401,889.00",70,8.5
2016-06.csv,2016-06,53,All New All Different Avengers,10,3.99,Marvel,44965,Mark Waid,8.6,Guardians of the Galaxy,8/1/2014,1/9/2015,"772,772,112.00",76,8.5
2016-06.csv,2016-06,57,All New All Different Avengers,11,3.99,Marvel,42788,Mark Waid,8.1,Avengers Age of Ultron,5/1/2015,10/2/2015,"1,403,013,963.00",66,7
2016-07.csv,2016-07,57,All New All Different Avengers,12,3.99,Marvel,46313,Mark Waid,7.9,Ant Man,7/17/2015,12/11/2015,"518,858,449.00",64,8
2016-08.csv,2016-08,60,All New All Different Avengers,13,3.99,Marvel,46257,Mark Waid,7.3,Captain America Civil War,5/6/2016,9/16/2016,"1,153,284,349.00",75,8.3
2016-09.csv,2016-09,61,All New All Different Avengers,14,3.99,Marvel,45509,Mark Waid,8,Doctor Strange,11/4/2016,3/10/2017,"676,404,566.00",72,8.2
2016-10.csv,2016-10,81,All New All Different Avengers,15,3.99,Marvel,37209,Mark Waid,8,Guardians of the Galaxy 2,5/5/2017,9/15/2017,"869,113,101.00",67,7.7
1997-04.csv,1997-04,18,Avengers,8,1.95,Marvel,120937,Walt Simonson,,Thor Ragnarok,11/3/2017,3/9/2018,"853,958,289.00",74,7.8
1997-05.csv,1997-05,9,Avengers,-1,1.95,Marvel,107567,Walt Simonson,,Black Panther,2/16/2018,8/3/2018,"1,346,913,161.00",88,6.4
1997-06.csv,1997-06,7,Avengers,9,1.99,Marvel,114896,Walt Simonson,,Avengers Infinity War,4/27/2018,9/7/2018,"2,048,359,754.00",68,8.7
1997-07.csv,1997-07,8,Avengers,11,1.99,Marvel,110084,Walt Simonson,,Ant Man and the Wasp,7/9/2018,10/26/2018,"623,144,660.00",70,7.1
1997-08.csv,1997-08,7,Avengers,12,2.99,Marvel,114787,Walt Simonson,,Captain Marvel,3/8/2019,6/28/2019,"1,129,729,839.00",64,3.5
1997-09.csv,1997-09,7,Avengers,13,1.99,Marvel,109464,Walt Simonson,,Avengers End Game,4/26/2019,9/6/2019,"2,797,800,564.00",78,7.8
1997-12.csv,1997-12,2,Avengers,1,2.99,Marvel,194439,Kurt Busiek,,,,,,,
1998-01.csv,1998-01,3,Avengers,2,1.99,Marvel,138884,Kurt Busiek,,,,,,,
1998-02.csv,1998-02,4,Avengers,3,1.99,Marvel,111036,Kurt Busiek,,,,,,,
1998-03.csv,1998-03,4,Avengers,4,1.99,Marvel,112318,Kurt Busiek,,,,,,,
1998-04.csv,1998-04,5,Avengers,5,1.99,Marvel,116641,Kurt Busiek,,,,,,,
1998-05.csv,1998-05,5,Avengers,6,1.99,Marvel,112322,Kurt Busiek,,,,,,,
1998-06.csv,1998-06,5,Avengers,7,1.99,Marvel,114806,Kurt Busiek,,,,,,,
1998-07.csv,1998-07,6,Avengers,8,1.99,Marvel,108860,Kurt Busiek,,,,,,,
1998-08.csv,1998-08,6,Avengers,9,1.99,Marvel,105836,Kurt Busiek,,,,,,,
1998-09.csv,1998-09,6,Avengers,10,1.99,Marvel,104389,Kurt Busiek,,,,,,,
1998-10.csv,1998-10,7,Avengers,11,1.99,Marvel,102300,Kurt Busiek,,,,,,,
1998-11.csv,1998-11,9,Avengers,12,2.99,Marvel,100068,Kurt Busiek,,,,,,,
1998-12.csv,1998-12,13,Avengers,13,1.99,Marvel,94752,Kurt Busiek,,,,,,,
1999-01.csv,1999-01,6,Avengers,14,1.99,Marvel,93836,Kurt Busiek,,,,,,,
1999-02.csv,1999-02,7,Avengers,15,1.99,Marvel,90048,Kurt Busiek,,,,,,,
1999-03.csv,1999-03,5,Avengers,16,1.99,Marvel,93266,Jerry Ordway,,,,,,,
1999-04.csv,1999-04,5,Avengers,17,1.99,Marvel,89105,Jerry Ordway,,,,,,,
1999-05.csv,1999-05,6,Avengers,18,1.99,Marvel,85864,Kurt Busiek,,,,,,,
1999-06.csv,1999-06,5,Avengers,19,1.99,Marvel,87811,Kurt Busiek,,,,,,,
1999-07.csv,1999-07,6,Avengers,20,1.99,Marvel,85830,Kurt Busiek,,,,,,,
1999-08.csv,1999-08,6,Avengers,21,1.99,Marvel,82870,Kurt Busiek,,,,,,,
1999-09.csv,1999-09,5,Avengers,22,1.99,Marvel,81082,Kurt Busiek,,,,,,,
1999-10.csv,1999-10,7,Avengers,23,1.99,Marvel,82153,Kurt Busiek,,,,,,,
1999-11.csv,1999-11,6,Avengers,24,1.99,Marvel,79877,Kurt Busiek,,,,,,,
1999-12.csv,1999-12,4,Avengers,25,2.99,Marvel,85867,Kurt Busiek,,,,,,,
2000-01.csv,2000-01,5,Avengers,26,1.99,Marvel,76535,Kurt Busiek,,,,,,,
2000-02.csv,2000-02,5,Avengers,27,2.99,Marvel,75576,Kurt Busiek,,,,,,,
2000-03.csv,2000-03,6,Avengers,28,1.99,Marvel,76125,Kurt Busiek,,,,,,,
2000-04.csv,2000-04,5,Avengers,29,2.25,Marvel,75010,Kurt Busiek,,,,,,,
2000-05.csv,2000-05,5,Avengers,30,2.25,Marvel,74731,Kurt Busiek,,,,,,,
2000-06.csv,2000-06,6,Avengers,31,2.25,Marvel,75348,Kurt Busiek,,,,,,,
2000-07.csv,2000-07,6,Avengers,32,2.25,Marvel,74160,Kurt Busiek,,,,,,,
2000-08.csv,2000-08,7,Avengers,33,2.25,Marvel,69789,Kurt Busiek,,,,,,,
2000-09.csv,2000-09,5,Avengers,34,2.99,Marvel,70404,Kurt Busiek,,,,,,,
2000-10.csv,2000-10,5,Avengers,35,2.25,Marvel,69498,Kurt Busiek,,,,,,,
2000-11.csv,2000-11,7,Avengers,36,2.25,Marvel,67575,Kurt Busiek,,,,,,,
2000-12.csv,2000-12,6,Avengers,37,2.25,Marvel,66367,Kurt Busiek,,,,,,,
2001-01.csv,2001-01,5,Avengers,38,1.99,Marvel,67599,Kurt Busiek,,,,,,,
2001-02.csv,2001-02,9,Avengers,39,1.99,Marvel,65558,Kurt Busiek,,,,,,,
2001-03.csv,2001-03,11,Avengers,40,2.25,Marvel,64853,Kurt Busiek,,,,,,,
2001-04.csv,2001-04,10,Avengers,41,2.25,Marvel,67719,Kurt Busiek,,,,,,,
2001-05.csv,2001-05,11,Avengers,42,2.25,Marvel,67742,Kurt Busiek,,,,,,,
2001-06.csv,2001-06,12,Avengers,43,2.25,Marvel,69128,Kurt Busiek,,,,,,,
2001-07.csv,2001-07,13,Avengers,44,2.25,Marvel,70670,Kurt Busiek,,,,,,,
2001-08.csv,2001-08,13,Avengers,45,2.25,Marvel,70011,Kurt Busiek,,,,,,,
2001-09.csv,2001-09,14,Avengers,46,2.25,Marvel,65398,Kurt Busiek,,,,,,,
2001-10.csv,2001-10,14,Avengers,47,2.25,Marvel,63060,Kurt Busiek,,,,,,,
2001-11.csv,2001-11,15,Avengers,48,3.5,Marvel,63346,Kurt Busiek,,,,,,,
2001-12.csv,2001-12,15,Avengers,49,2.25,Marvel,62031,Kurt Busiek,,,,,,,
2002-01.csv,2002-01,15,Avengers,50,3.5,Marvel,60119,Kurt Busiek,,,,,,,
2002-02.csv,2002-02,14,Avengers,51,2.25,Marvel,58432,Kurt Busiek,,,,,,,
2002-03.csv,2002-03,12,Avengers,52,2.25,Marvel,57220,Kurt Busiek,,,,,,,
2002-04.csv,2002-04,14,Avengers,53,2.25,Marvel,57869,Kurt Busiek,,,,,,,
2002-05.csv,2002-05,17,Avengers,54,2.25,Marvel,56732,Kurt Busiek,,,,,,,
2002-06.csv,2002-06,20,Avengers,55,2.25,Marvel,55225,Kurt Busiek,,,,,,,
2002-07.csv,2002-07,22,Avengers,56,2.25,Marvel,55471,Kurt Busiek,,,,,,,
2002-08.csv,2002-08,25,Avengers,57,2.25,Marvel,59706,Geoff Johns,,,,,,,
2002-09.csv,2002-09,25,Avengers,58,2.25,Marvel,58438,Geoff Johns,,,,,,,
2002-10.csv,2002-10,23,Avengers,59,2.25,Marvel,57522,Geoff Johns,,,,,,,
2002-11.csv,2002-11,26,Avengers,60,3.5,Marvel,58507,Geoff Johns,,,,,,,
2002-12.csv,2002-12,21,Avengers,61,2.25,Marvel,59547,Geoff Johns,,,,,,,
2002-12.csv,2002-12,22,Avengers,62,2.25,Marvel,59159,Geoff Johns,,,,,,,
2003-01.csv,2003-01,18,Avengers,63,2.25,Marvel,59759,Geoff Johns,,,,,,,
2003-02.csv,2003-02,16,Avengers,64,2.25,Marvel,58320,Geoff Johns,,,,,,,
2003-03.csv,2003-03,15,Avengers,65,2.25,Marvel,58449,Geoff Johns,,,,,,,
2003-04.csv,2003-04,16,Avengers,66,2.25,Marvel,58474,Geoff Johns,,,,,,,
2003-05.csv,2003-05,17,Avengers,67,2.25,Marvel,57713,Geoff Johns,,,,,,,
2003-06.csv,2003-06,16,Avengers,68,2.25,Marvel,57690,Geoff Johns,,,,,,,
2003-08.csv,2003-08,22,Avengers,69,2.25,Marvel,58603,Geoff Johns,,,,,,,
2003-10.csv,2003-10,29,Avengers,70,2.25,Marvel,58882,Geoff Johns,,,,,,,
2003-10.csv,2003-10,31,Avengers,72,2.25,Marvel,58441,Geoff Johns,,,,,,,
2003-10.csv,2003-10,32,Avengers,71,2.25,Marvel,57354,Geoff Johns,,,,,,,
2003-11.csv,2003-11,19,Avengers,73,2.25,Marvel,58076,Geoff Johns,,,,,,,
2003-11.csv,2003-11,21,Avengers,74,2.25,Marvel,57457,Geoff Johns,,,,,,,
2003-12.csv,2003-12,24,Avengers,75,2.25,Marvel,57799,Geoff Johns,,,,,,,
2003-12.csv,2003-12,26,Avengers,76,2.25,Marvel,57487,Geoff Johns,,,,,,,
2004-01.csv,2004-01,290,Avengers,77,2.25,Marvel,57798,Chuck Austen,,,,,,,
2004-02.csv,2004-02,16,Avengers,78,2.25,Marvel,58782,Chuck Austen,,,,,,,
2004-02.csv,2004-02,21,Avengers,79,2.25,Marvel,54999,Chuck Austen,,,,,,,
2004-03.csv,2004-03,22,Avengers,80,2.25,Marvel,55533,Chuck Austen,,,,,,,
2004-04.csv,2004-04,26,Avengers,81,2.25,Marvel,54990,Chuck Austen,,,,,,,
2004-05.csv,2004-05,22,Avengers,82,2.25,Marvel,55684,Chuck Austen,,,,,,,
2004-05.csv,2004-05,23,Avengers,83,2.25,Marvel,55254,Chuck Austen,,,,,,,
2004-06.csv,2004-06,24,Avengers,84,2.25,Marvel,57085,Chuck Austen,,,,,,,
2004-07.csv,2004-07,5,Avengers,500,3.5,Marvel,105622,Brian Michael Bendis,,,,,,,
2004-09.csv,2004-09,9,Avengers,501,2.25,Marvel,93100,Brian Michael Bendis,,,,,,,
2004-09.csv,2004-09,10,Avengers,502,2.25,Marvel,91049,Brian Michael Bendis,,,,,,,
2004-11.csv,2004-11,6,Avengers,503,3.5,Marvel,105757,Brian Michael Bendis,,,,,,,
2010-05.csv,2010-05,1,Avengers,1,3.99,Marvel,163867,Brian Michael Bendis,7.7,,,,,,
2010-06.csv,2010-06,3,Avengers,2,3.99,Marvel,98788,Brian Michael Bendis,6.7,,,,,,
2010-07.csv,2010-07,4,Avengers,3,3.99,Marvel,87410,Brian Michael Bendis,6.2,,,,,,
2010-08.csv,2010-08,3,Avengers,4,3.99,Marvel,87333,Brian Michael Bendis,6.4,,,,,,
2010-09.csv,2010-09,6,Avengers,5,3.99,Marvel,82411,Brian Michael Bendis,6.8,,,,,,
2010-10.csv,2010-10,8,Avengers,6,3.99,Marvel,73258,Brian Michael Bendis,7.2,,,,,,
2010-11.csv,2010-11,3,Avengers,7,3.99,Marvel,89758,Brian Michael Bendis,6.3,,,,,,
2010-12.csv,2010-12,9,Avengers,8,3.99,Marvel,67056,Brian Michael Bendis,7.2,,,,,,
2011-01.csv,2011-01,5,Avengers,9,3.99,Marvel,64867,Brian Michael Bendis,7.8,,,,,,
2011-02.csv,2011-02,4,Avengers,10,3.99,Marvel,63924,Brian Michael Bendis,6.8,,,,,,
2011-03.csv,2011-03,8,Avengers,11,3.99,Marvel,66618,Brian Michael Bendis,6.8,,,,,,
2011-04.csv,2011-04,7,Avengers,12,3.99,Marvel,63441,Brian Michael Bendis,7.3,,,,,,
2011-05.csv,2011-05,4,Avengers,13,3.99,Marvel,68086,Brian Michael Bendis,6.7,,,,,,
2011-06.csv,2011-06,4,Avengers,14,3.99,Marvel,64057,Brian Michael Bendis,6.8,,,,,,
2011-07.csv,2011-07,8,Avengers,15,3.99,Marvel,62580,Brian Michael Bendis,5.7,,,,,,
2011-08.csv,2011-08,7,Avengers,16,3.99,Marvel,60295,Brian Michael Bendis,6.2,,,,,,
2011-09.csv,2011-09,23,Avengers,17,3.99,Marvel,61492,Brian Michael Bendis,4.5,,,,,,
2011-10.csv,2011-10,26,Avengers,18,3.99,Marvel,58897,Brian Michael Bendis,6.2,,,,,,
2011-11.csv,2011-11,30,Avengers,19,3.99,Marvel,56620,Brian Michael Bendis,6.2,,,,,,
2011-12.csv,2011-12,17,Avengers,20,3.99,Marvel,57145,Brian Michael Bendis,6.4,,,,,,
2012-01.csv,2012-01,18,Avengers,21,3.99,Marvel,54803,Brian Michael Bendis,6.2,,,,,,
2012-02.csv,2012-02,19,Avengers,22,3.99,Marvel,52683,Brian Michael Bendis,6,,,,,,
2012-02.csv,2012-02,21,Avengers,23,3.99,Marvel,52222,Brian Michael Bendis,7.4,,,,,,
2012-03.csv,2012-03,20,Avengers,24,3.99,Marvel,52242,Brian Michael Bendis,6.5,,,,,,
2012-04.csv,2012-04,10,Avengers,25,3.99,Marvel,65664,Brian Michael Bendis,7.1,,,,,,
2012-05.csv,2012-05,15,Avengers,26,3.99,Marvel,67744,Brian Michael Bendis,6.5,,,,,,
2012-06.csv,2012-06,18,Avengers,27,3.99,Marvel,68885,Brian Michael Bendis,6.5,,,,,,
2012-07.csv,2012-07,18,Avengers,28,3.99,Marvel,63169,Brian Michael Bendis,7.7,,,,,,
2012-08.csv,2012-08,18,Avengers,29,3.99,Marvel,61653,Brian Michael Bendis,5.4,,,,,,
2012-09.csv,2012-09,15,Avengers,30,3.99,Marvel,58609,Brian Michael Bendis,6.2,,,,,,
2012-10.csv,2012-10,17,Avengers,31,3.99,Marvel,62495,Brian Michael Bendis,6.9,,,,,,
2012-10.csv,2012-10,26,Avengers,32,3.99,Marvel,56204,Brian Michael Bendis,8.1,,,,,,
2012-11.csv,2012-11,36,Avengers,34,4.99,Marvel,57315,Brian Michael Bendis,7.3,,,,,,
2012-11.csv,2012-11,39,Avengers,33,3.99,Marvel,53336,Brian Michael Bendis,6.4,,,,,,
2012-12.csv,2012-12,2,Avengers,1,3.99,Marvel,186989,Jonathan Hickman,8.3,,,,,,
2012-12.csv,2012-12,6,Avengers,2,3.99,Marvel,93894,Jonathan Hickman,8.3,,,,,,
2013-01.csv,2013-01,9,Avengers,3,3.99,Marvel,92165,Jonathan Hickman,7.6,,,,,,
2013-01.csv,2013-01,11,Avengers,4,3.99,Marvel,83088,Jonathan Hickman,7,,,,,,
2013-02.csv,2013-02,12,Avengers,6,3.99,Marvel,84868,Jonathan Hickman,8.2,,,,,,
2013-02.csv,2013-02,13,Avengers,5,3.99,Marvel,82452,Jonathan Hickman,7.9,,,,,,
2013-03.csv,2013-03,15,Avengers,8,3.99,Marvel,82691,Jonathan Hickman,7.8,,,,,,
2013-03.csv,2013-03,17,Avengers,7,3.99,Marvel,78278,Jonathan Hickman,7.9,,,,,,
2013-04.csv,2013-04,17,Avengers,10,3.99,Marvel,78905,Jonathan Hickman,7.5,,,,,,
2013-04.csv,2013-04,19,Avengers,9,3.99,Marvel,77780,Jonathan Hickman,7.2,,,,,,
2013-05.csv,2013-05,15,Avengers,12,3.99,Marvel,74978,Jonathan Hickman,7.3,,,,,,
2013-05.csv,2013-05,18,Avengers,11,3.99,Marvel,70687,Jonathan Hickman,7.9,,,,,,
2013-06.csv,2013-06,14,Avengers,14,3.99,Marvel,74846,Jonathan Hickman,7.4,,,,,,
2013-06.csv,2013-06,22,Avengers,13,3.99,Marvel,68624,Jonathan Hickman,8,,,,,,
2013-07.csv,2013-07,13,Avengers,16,3.99,Marvel,72842,Jonathan Hickman,8.1,,,,,,
2013-07.csv,2013-07,17,Avengers,15,3.99,Marvel,68472,Jonathan Hickman,7.3,,,,,,
2013-08.csv,2013-08,9,Avengers,18,3.99,Marvel,74697,Jonathan Hickman,7.8,,,,,,
2013-08.csv,2013-08,13,Avengers,17,3.99,Marvel,68962,Jonathan Hickman,6.5,,,,,,
2013-09.csv,2013-09,9,Avengers,19,3.99,Marvel,92489,Jonathan Hickman,7.6,,,,,,
2013-09.csv,2013-09,17,Avengers,20,3.99,Marvel,74388,Jonathan Hickman,7.7,,,,,,
2013-10.csv,2013-10,17,Avengers,21,3.99,Marvel,71751,Jonathan Hickman,7.9,,,,,,
2013-10.csv,2013-10,18,Avengers,22,3.99,Marvel,70735,Jonathan Hickman,6.9,,,,,,
2013-11.csv,2013-11,15,Avengers,23,3.99,Marvel,66501,Jonathan Hickman,7.6,,,,,,
2013-12.csv,2013-12,2,Avengers,24,4.99,Marvel,127466,Jonathan Hickman,7.5,,,,,,
2014-01.csv,2014-01,9,Avengers,25,3.99,Marvel,65591,Jonathan Hickman,7.2,,,,,,
2014-02.csv,2014-02,12,Avengers,26,3.99,Marvel,59775,Jonathan Hickman,6.8,,,,,,
2014-03.csv,2014-03,23,Avengers,27,3.99,Marvel,53966,Jonathan Hickman,6.7,,,,,,
2014-04.csv,2014-04,25,Avengers,28,3.99,Marvel,52808,Jonathan Hickman,7.1,,,,,,
2014-05.csv,2014-05,18,Avengers,29,4.99,Marvel,58661,Jonathan Hickman,7.7,,,,,,
2014-05.csv,2014-05,20,Avengers,30,3.99,Marvel,57099,Jonathan Hickman,7.2,,,,,,
2014-06.csv,2014-06,25,Avengers,31,3.99,Marvel,53933,Jonathan Hickman,8.3,,,,,,
2014-07.csv,2014-07,28,Avengers,32,3.99,Marvel,56595,Jonathan Hickman,8.4,,,,,,
2014-07.csv,2014-07,36,Avengers,33,3.99,Marvel,51874,Jonathan Hickman,6.9,,,,,,
2014-08.csv,2014-08,23,Avengers,34,3.99,Marvel,54413,Jonathan Hickman,8.2,,,,,,
2014-09.csv,2014-09,49,Avengers,35,4.99,Marvel,50629,Jonathan Hickman,7.2,,,,,,
2014-10.csv,2014-10,26,Avengers,36,3.99,Marvel,56771,Jonathan Hickman,7,,,,,,
2014-10.csv,2014-10,43,Avengers,37,3.99,Marvel,49430,Jonathan Hickman,7.6,,,,,,
2014-11.csv,2014-11,23,Avengers,38,3.99,Marvel,54368,Jonathan Hickman,7.9,,,,,,
2014-12.csv,2014-12,32,Avengers,39,3.99,Marvel,47062,Jonathan Hickman,7.8,,,,,,
2015-01.csv,2015-01,19,Avengers,40,4.99,Marvel,47483,Jonathan Hickman,8.7,,,,,,
2015-02.csv,2015-02,26,Avengers,41,3.99,Marvel,48437,Jonathan Hickman,7.9,,,,,,
2015-03.csv,2015-03,24,Avengers,42,3.99,Marvel,50811,Jonathan Hickman,8.4,,,,,,
2015-04.csv,2015-04,21,Avengers,44,4.99,Marvel,62939,Jonathan Hickman,7.9,,,,,,
2015-04.csv,2015-04,40,Avengers,43,3.99,Marvel,47200,Jonathan Hickman,7.6,,,,,,
2015-10.csv,2015-10,18,Avengers,1,5.99,Marvel,80722,Mark Waid,7.7,,,,,,
2016-11.csv,2016-11,11,Avengers,2,4.99,Marvel,81885,Mark Waid,7.5,,,,,,
2016-12.csv,2016-12,21,Avengers,3,3.99,Marvel,64289,Mark Waid,8.1,,,,,,
2017-01.csv,2017-01,45,Avengers,4,3.99,Marvel,44321,Mark Waid,8.7,,,,,,
2017-02.csv,2017-02,53,Avengers,5,3.99,Marvel,37383,Mark Waid,9,,,,,,
2017-03.csv,2017-03,50,Avengers,6,3.99,Marvel,39204,Mark Waid,8.1,,,,,,
2017-05.csv,2017-05,78,Avengers,7,3.99,Marvel,30681,Mark Waid,7.3,,,,,,
2017-06.csv,2017-06,36,Avengers,8,3.99,Marvel,45386,Mark Waid,6.8,,,,,,
2017-07.csv,2017-07,58,Avengers,9,3.99,Marvel,34385,Mark Waid,7.9,,,,,,
2017-08.csv,2017-08,67,Avengers,10,3.99,Marvel,31560,Mark Waid,6.8,,,,,,
2017-09.csv,2017-09,64,Avengers,11,3.99,Marvel,33967,Mark Waid,7.4,,,,,,
2017-10.csv,2017-10,16,Avengers,672,3.99,Marvel,70199,Mark Waid,7.7,,,,,,
2017-11.csv,2017-11,61,Avengers,673,3.99,Marvel,32207,Mark Waid,7.4,,,,,,
2017-12.csv,2017-12,45,Avengers,674,3.99,Marvel,33199,Mark Waid,8.3,,,,,,
2018-01.csv,2018-01,6,Avengers,675,4.99,Marvel,79946,Mark Waid,7.5,,,,,,
2018-01.csv,2018-01,36,Avengers,676,3.99,Marvel,39094,Mark Waid,8.3,,,,,,
2018-01.csv,2018-01,40,Avengers,677,3.99,Marvel,38481,Mark Waid,8,,,,,,
2018-01.csv,2018-01,42,Avengers,678,3.99,Marvel,37403,Mark Waid,7.4,,,,,,
2018-02.csv,2018-02,32,Avengers,682,3.99,Marvel,39486,Mark Waid,8.3,,,,,,
2018-02.csv,2018-02,34,Avengers,681,3.99,Marvel,39345,Mark Waid,7.5,,,,,,
2018-02.csv,2018-02,35,Avengers,679,3.99,Marvel,39046,Mark Waid,8.1,,,,,,
2018-02.csv,2018-02,38,Avengers,680,3.99,Marvel,38437,Mark Waid,7.7,,,,,,
2018-03.csv,2018-03,16,Avengers,684,4.99,Marvel,54061,Mark Waid,8.3,,,,,,
2018-03.csv,2018-03,24,Avengers,685,3.99,Marvel,46037,Mark Waid,8.3,,,,,,
2018-03.csv,2018-03,27,Avengers,683,3.99,Marvel,44651,Mark Waid,8.2,,,,,,
2018-03.csv,2018-03,28,Avengers,686,3.99,Marvel,44596,Mark Waid,8.5,,,,,,
2018-04.csv,2018-04,13,Avengers,687,3.99,Marvel,59623,Mark Waid,7.8,,,,,,
2018-04.csv,2018-04,17,Avengers,690,3.99,Marvel,52027,Mark Waid,7.9,,,,,,
2018-04.csv,2018-04,23,Avengers,688,3.99,Marvel,47988,Mark Waid,8.1,,,,,,
2018-04.csv,2018-04,26,Avengers,689,4.99,Marvel,46698,Mark Waid,8.5,,,,,,
2018-05.csv,2018-05,4,Avengers,1,4.99,Marvel,131450,Jason Aaron,8.1,,,,,,
2018-05.csv,2018-05,13,Avengers,2,3.99,Marvel,66646,Jason Aaron,7.5,,,,,,
2018-06.csv,2018-06,20,Avengers,3,3.99,Marvel,59572,Jason Aaron,7,,,,,,
2018-07.csv,2018-07,19,Avengers,4,3.99,Marvel,61897,Jason Aaron,8.1,,,,,,
2018-07.csv,2018-07,24,Avengers,5,3.99,Marvel,55850,Jason Aaron,8.3,,,,,,
2018-08.csv,2018-08,19,Avengers,6,3.99,Marvel,58925,Jason Aaron,7.7,,,,,,
2018-09.csv,2018-09,17,Avengers,7,3.99,Marvel,65815,Jason Aaron,8.3,,,,,,
2018-09.csv,2018-09,21,Avengers,8,3.99,Marvel,58060,Jason Aaron,8.1,,,,,,
2018-10.csv,2018-10,21,Avengers,9,3.99,Marvel,58185,Jason Aaron,8.3,,,,,,
2018-11.csv,2018-11,9,Avengers,10,5.99,Marvel,77715,Jason Aaron,8.2,,,,,,
2018-12.csv,2018-12,23,Avengers,11,3.99,Marvel,52820,Jason Aaron,7.8,,,,,,
2019-01.csv,2019-01,20,Avengers,12,3.99,Marvel,52427,Jason Aaron,8.2,,,,,,
2019-01.csv,2019-01,26,Avengers,13,3.99,Marvel,49517,Jason Aaron,8.1,,,,,,
2019-02.csv,2019-02,23,Avengers,14,3.99,Marvel,48887,Jason Aaron,8.8,,,,,,
2019-02.csv,2019-02,24,Avengers,15,3.99,Marvel,48050,Jason Aaron,8.3,,,,,,
2019-03.csv,2019-03,21,Avengers,16,3.99,Marvel,48984,Jason Aaron,8.7,,,,,,
2019-03.csv,2019-03,24,Avengers,17,3.99,Marvel,47345,Jason Aaron,8,,,,,,
2019-04.csv,2019-04,17,Avengers,18,3.99,Marvel,55244,Jason Aaron,8.1,,,,,,
2019-05.csv,2019-05,26,Avengers,19,3.99,Marvel,49334,Jason Aaron,8.5,,,,,,
2019-06.csv,2019-06,29,Avengers,20,3.99,Marvel,46732,Jason Aaron,8.8,,,,,,
2019-07.csv,2019-07,27,Avengers,22,3.99,Marvel,48522,Jason Aaron,7.6,,,,,,
2019-07.csv,2019-07,28,Avengers,21,3.99,Marvel,47931,Jason Aaron,8,,,,,,
2019-08.csv,2019-08,25,Avengers,23,3.99,Marvel,50701,Jason Aaron,8.3,,,,,,
2019-09.csv,2019-09,33,Avengers,24,3.99,Marvel,44454,Jason Aaron,8,,,,,,
2019-10.csv,2019-10,41,Avengers,25,3.99,Marvel,47791,Jason Aaron,7.7,,,,,,
2019-11.csv,2019-11,23,Avengers,27,3.99,Marvel,51011,Jason Aaron,8.3,,,,,,
2019-11.csv,2019-11,35,Avengers,26,3.99,Marvel,42077,Jason Aaron,8.6,,,,,,
2019-12.csv,2019-12,40,Avengers,28,3.99,Marvel,39234,Jason Aaron,6.4,,,,,,
2004-12.csv,2004-12,1,New Avengers,1,2.25,Marvel,240734,Brian Michael Bendis,,,,,,,
2005-01.csv,2005-01,1,New Avengers,2,2.25,Marvel,153443,Brian Michael Bendis,,,,,,,
2005-02.csv,2005-02,1,New Avengers,3,2.25,Marvel,149041,Brian Michael Bendis,,,,,,,
2005-03.csv,2005-03,2,New Avengers,4,2.25,Marvel,154920,Brian Michael Bendis,,,,,,,
2005-04.csv,2005-04,1,New Avengers,5,2.25,Marvel,162384,Brian Michael Bendis,,,,,,,
2005-06.csv,2005-06,3,New Avengers,6,2.25,Marvel,161546,Brian Michael Bendis,,,,,,,
2005-07.csv,2005-07,2,New Avengers,7,2.25,Marvel,158713,Brian Michael Bendis,,,,,,,
2005-08.csv,2005-08,2,New Avengers,8,2.5,Marvel,156025,Brian Michael Bendis,,,,,,,
2005-08.csv,2005-08,3,New Avengers,9,2.5,Marvel,145661,Brian Michael Bendis,,,,,,,
2005-09.csv,2005-09,2,New Avengers,10,2.5,Marvel,142999,Brian Michael Bendis,,,,,,,
2005-09.csv,2005-09,4,New Avengers,11,2.5,Marvel,131347,Brian Michael Bendis,,,,,,,
2005-10.csv,2005-10,3,New Avengers,12,2.5,Marvel,127868,Brian Michael Bendis,,,,,,,
2005-11.csv,2005-11,4,New Avengers,13,2.5,Marvel,126146,Brian Michael Bendis,,,,,,,
2005-12.csv,2005-12,3,New Avengers,14,2.5,Marvel,124301,Brian Michael Bendis,,,,,,,
2006-01.csv,2006-01,3,New Avengers,15,2.5,Marvel,121716,Brian Michael Bendis,,,,,,,
2006-02.csv,2006-02,2,New Avengers,16,2.5,Marvel,121446,Brian Michael Bendis,,,,,,,
2006-03.csv,2006-03,2,New Avengers,17,2.5,Marvel,121083,Brian Michael Bendis,,,,,,,
2006-04.csv,2006-04,3,New Avengers,18,2.99,Marvel,121551,Brian Michael Bendis,,,,,,,
2006-05.csv,2006-05,8,New Avengers,19,2.99,Marvel,123271,Brian Michael Bendis,,,,,,,
2006-06.csv,2006-06,3,New Avengers,21,2.99,Marvel,134285,Brian Michael Bendis,,,,,,,
2006-06.csv,2006-06,5,New Avengers,20,2.99,Marvel,125606,Brian Michael Bendis,,,,,,,
2006-07.csv,2006-07,3,New Avengers,22,2.99,Marvel,124601,Brian Michael Bendis,,,,,,,
2006-08.csv,2006-08,2,New Avengers,23,2.99,Marvel,153970,Brian Michael Bendis,,,,,,,
2006-10.csv,2006-10,1,New Avengers,24,2.99,Marvel,136749,Brian Michael Bendis,,,,,,,
2006-11.csv,2006-11,3,New Avengers,25,2.99,Marvel,136495,Brian Michael Bendis,,,,,,,
2006-12.csv,2006-12,3,New Avengers,26,2.99,Marvel,122661,Brian Michael Bendis,,,,,,,
2007-02.csv,2007-02,4,New Avengers,27,2.99,Marvel,130507,Brian Michael Bendis,,,,,,,
2007-03.csv,2007-03,7,New Avengers,28,2.99,Marvel,119507,Brian Michael Bendis,,,,,,,
2007-04.csv,2007-04,7,New Avengers,29,2.99,Marvel,125251,Brian Michael Bendis,,,,,,,
2007-05.csv,2007-05,5,New Avengers,30,2.99,Marvel,126384,Brian Michael Bendis,,,,,,,
2007-06.csv,2007-06,2,New Avengers,31,2.99,Marvel,160811,Brian Michael Bendis,,,,,,,
2007-07.csv,2007-07,6,New Avengers,32,2.99,Marvel,122947,Brian Michael Bendis,,,,,,,
2007-08.csv,2007-08,4,New Avengers,33,2.99,Marvel,117898,Brian Michael Bendis,,,,,,,
2007-09.csv,2007-09,4,New Avengers,34,2.99,Marvel,112780,Brian Michael Bendis,,,,,,,
2007-10.csv,2007-10,1,New Avengers,35,2.99,Marvel,111363,Brian Michael Bendis,,,,,,,
2007-11.csv,2007-11,3,New Avengers,36,2.99,Marvel,107677,Brian Michael Bendis,,,,,,,
2007-12.csv,2007-12,3,New Avengers,37,2.99,Marvel,105482,Brian Michael Bendis,,,,,,,
2008-02.csv,2008-02,2,New Avengers,38,2.99,Marvel,104075,Brian Michael Bendis,,,,,,,
2008-03.csv,2008-03,2,New Avengers,39,2.99,Marvel,103016,Brian Michael Bendis,,,,,,,
2008-04.csv,2008-04,2,New Avengers,40,2.99,Marvel,110448,Brian Michael Bendis,,,,,,,
2008-05.csv,2008-05,3,New Avengers,41,2.99,Marvel,109153,Brian Michael Bendis,,,,,,,
2008-06.csv,2008-06,4,New Avengers,42,2.99,Marvel,108454,Brian Michael Bendis,,,,,,,
2008-07.csv,2008-07,4,New Avengers,43,2.99,Marvel,108728,Brian Michael Bendis,,,,,,,
2008-08.csv,2008-08,3,New Avengers,44,2.99,Marvel,106329,Brian Michael Bendis,,,,,,,
2008-09.csv,2008-09,3,New Avengers,45,2.99,Marvel,103297,Brian Michael Bendis,,,,,,,
2008-10.csv,2008-10,5,New Avengers,46,2.99,Marvel,99501,Brian Michael Bendis,,,,,,,
2008-12.csv,2008-12,4,New Avengers,47,2.99,Marvel,95689,Brian Michael Bendis,,,,,,,
2008-12.csv,2008-12,5,New Avengers,48,2.99,Marvel,93895,Brian Michael Bendis,,,,,,,
2009-01.csv,2009-01,5,New Avengers,49,3.99,Marvel,90013,Brian Michael Bendis,,,,,,,
2009-02.csv,2009-02,3,New Avengers,50,4.99,Marvel,106812,Brian Michael Bendis,,,,,,,
2009-03.csv,2009-03,2,New Avengers,51,3.99,Marvel,95326,Brian Michael Bendis,,,,,,,
2009-04.csv,2009-04,5,New Avengers,52,3.99,Marvel,93967,Brian Michael Bendis,,,,,,,
2009-05.csv,2009-05,1,New Avengers,53,3.99,Marvel,94367,Brian Michael Bendis,,,,,,,
2009-06.csv,2009-06,7,New Avengers,54,3.99,Marvel,88033,Brian Michael Bendis,,,,,,,
2009-07.csv,2009-07,11,New Avengers,55,3.99,Marvel,84689,Brian Michael Bendis,,,,,,,
2009-08.csv,2009-08,8,New Avengers,56,3.99,Marvel,89901,Brian Michael Bendis,,,,,,,
2009-09.csv,2009-09,7,New Avengers,57,3.99,Marvel,85526,Brian Michael Bendis,,,,,,,
2009-10.csv,2009-10,7,New Avengers,58,3.99,Marvel,76610,Brian Michael Bendis,,,,,,,
2009-11.csv,2009-11,8,New Avengers,59,3.99,Marvel,74345,Brian Michael Bendis,,,,,,,
2009-12.csv,2009-12,7,New Avengers,60,3.99,Marvel,72790,Brian Michael Bendis,,,,,,,
2010-01.csv,2010-01,5,New Avengers,61,3.99,Marvel,78202,Brian Michael Bendis,,,,,,,
2010-02.csv,2010-02,7,New Avengers,62,3.99,Marvel,76405,Brian Michael Bendis,,,,,,,
2010-03.csv,2010-03,6,New Avengers,63,3.99,Marvel,76147,Brian Michael Bendis,,,,,,,
2010-04.csv,2010-04,5,New Avengers,64,3.99,Marvel,75430,Brian Michael Bendis,,,,,,,
2010-06.csv,2010-06,1,New Avengers,1,3.99,Marvel,129084,Brian Michael Bendis,7.3,,,,,,
2010-07.csv,2010-07,7,New Avengers,2,3.99,Marvel,83397,Brian Michael Bendis,6.9,,,,,,
2010-08.csv,2010-08,4,New Avengers,3,3.99,Marvel,81354,Brian Michael Bendis,8.2,,,,,,
2010-09.csv,2010-09,7,New Avengers,4,3.99,Marvel,77479,Brian Michael Bendis,6.8,,,,,,
2010-10.csv,2010-10,7,New Avengers,5,3.99,Marvel,73409,Brian Michael Bendis,6.4,,,,,,
2010-11.csv,2010-11,11,New Avengers,6,3.99,Marvel,66724,Brian Michael Bendis,7.4,,,,,,
2010-12.csv,2010-12,8,New Avengers,7,3.99,Marvel,67840,Brian Michael Bendis,7.6,,,,,,
2011-01.csv,2011-01,8,New Avengers,8,3.99,Marvel,61169,Brian Michael Bendis,7.6,,,,,,
2011-02.csv,2011-02,6,New Avengers,9,3.99,Marvel,60914,Brian Michael Bendis,6.9,,,,,,
2011-03.csv,2011-03,13,New Avengers,10,3.99,Marvel,59929,Brian Michael Bendis,6.4,,,,,,
2011-04.csv,2011-04,9,New Avengers,11,3.99,Marvel,61778,Brian Michael Bendis,6.1,,,,,,
2011-05.csv,2011-05,9,New Avengers,12,3.99,Marvel,60328,Brian Michael Bendis,7.2,,,,,,
2011-06.csv,2011-06,6,New Avengers,13,3.99,Marvel,57682,Brian Michael Bendis,7.2,,,,,,
2011-07.csv,2011-07,12,New Avengers,14,3.99,Marvel,58306,Brian Michael Bendis,6.2,,,,,,
2011-08.csv,2011-08,10,New Avengers,15,3.99,Marvel,56035,Brian Michael Bendis,7.7,,,,,,
2011-09.csv,2011-09,26,New Avengers,16,3.99,Marvel,57959,Brian Michael Bendis,7.5,,,,,,
2011-10.csv,2011-10,32,New Avengers,17,3.99,Marvel,55732,Brian Michael Bendis,6.1,,,,,,
2011-11.csv,2011-11,33,New Avengers,18,3.99,Marvel,54454,Brian Michael Bendis,6.1,,,,,,
2011-12.csv,2011-12,25,New Avengers,19,3.99,Marvel,52915,Brian Michael Bendis,5.8,,,,,,
2012-01.csv,2012-01,22,New Avengers,20,3.99,Marvel,52910,Brian Michael Bendis,8,,,,,,
2012-02.csv,2012-02,16,New Avengers,21,3.99,Marvel,54105,Brian Michael Bendis,7.5,,,,,,
2012-02.csv,2012-02,23,New Avengers,22,3.99,Marvel,51235,Brian Michael Bendis,7.1,,,,,,
2012-03.csv,2012-03,23,New Avengers,23,3.99,Marvel,51697,Brian Michael Bendis,6.4,,,,,,
2012-04.csv,2012-04,12,New Avengers,24,3.99,Marvel,64533,Brian Michael Bendis,7.6,,,,,,
2012-04.csv,2012-04,15,New Avengers,25,3.99,Marvel,61950,Brian Michael Bendis,7.4,,,,,,
2012-05.csv,2012-05,17,New Avengers,26,3.99,Marvel,64326,Brian Michael Bendis,6.9,,,,,,
2012-06.csv,2012-06,23,New Avengers,27,3.99,Marvel,64927,Brian Michael Bendis,7.8,,,,,,
2012-07.csv,2012-07,19,New Avengers,28,3.99,Marvel,62739,Brian Michael Bendis,7.7,,,,,,
2012-08.csv,2012-08,23,New Avengers,29,3.99,Marvel,59441,Brian Michael Bendis,7.8,,,,,,
2012-09.csv,2012-09,18,New Avengers,30,3.99,Marvel,56742,Brian Michael Bendis,7.3,,,,,,
2012-10.csv,2012-10,28,New Avengers,31,3.99,Marvel,53456,Brian Michael Bendis,7.7,,,,,,
2012-11.csv,2012-11,37,New Avengers,34,4.99,Marvel,53862,Brian Michael Bendis,8.8,,,,,,
2012-11.csv,2012-11,40,New Avengers,32,3.99,Marvel,52784,Brian Michael Bendis,7.7,,,,,,
2012-11.csv,2012-11,43,New Avengers,33,3.99,Marvel,50045,Brian Michael Bendis,6.4,,,,,,
2013-01.csv,2013-01,4,New Avengers,1,3.99,Marvel,116280,Jonathan Hickman,7.2,,,,,,
2013-01.csv,2013-01,14,New Avengers,2,3.99,Marvel,79433,Jonathan Hickman,8.5,,,,,,
2013-02.csv,2013-02,16,New Avengers,3,3.99,Marvel,72110,Jonathan Hickman,8.7,,,,,,
2013-03.csv,2013-03,22,New Avengers,4,3.99,Marvel,65150,Jonathan Hickman,8.6,,,,,,
2013-04.csv,2013-04,22,New Avengers,5,3.99,Marvel,63423,Jonathan Hickman,8.1,,,,,,
2013-05.csv,2013-05,22,New Avengers,6,3.99,Marvel,59362,Jonathan Hickman,8,,,,,,
2013-06.csv,2013-06,25,New Avengers,7,3.99,Marvel,60138,Jonathan Hickman,8.5,,,,,,
2013-07.csv,2013-07,25,New Avengers,8,3.99,Marvel,58044,Jonathan Hickman,8.1,,,,,,
2013-08.csv,2013-08,19,New Avengers,9,3.99,Marvel,60534,Jonathan Hickman,8.3,,,,,,
2013-09.csv,2013-09,24,New Avengers,10,3.99,Marvel,60682,Jonathan Hickman,8.3,,,,,,
2013-10.csv,2013-10,22,New Avengers,11,3.99,Marvel,63231,Jonathan Hickman,8.2,,,,,,
2013-11.csv,2013-11,22,New Avengers,12,3.99,Marvel,58807,Jonathan Hickman,7.7,,,,,,
2013-12.csv,2013-12,26,New Avengers,13,3.99,Marvel,56624,Jonathan Hickman,7.1,,,,,,
2014-02.csv,2014-02,23,New Avengers,14,3.99,Marvel,50668,Jonathan Hickman,7.3,,,,,,
2014-03.csv,2014-03,28,New Avengers,16,3.99,Marvel,48731,Jonathan Hickman,5.7,,,,,,
2014-03.csv,2014-03,29,New Avengers,15,3.99,Marvel,47178,Jonathan Hickman,6.9,,,,,,
2014-04.csv,2014-04,34,New Avengers,17,3.99,Marvel,45885,Jonathan Hickman,8.1,,,,,,
2014-05.csv,2014-05,40,New Avengers,18,3.99,Marvel,43668,Jonathan Hickman,7.1,,,,,,
2014-06.csv,2014-06,44,New Avengers,19,3.99,Marvel,41989,Jonathan Hickman,8.3,,,,,,
2014-06.csv,2014-06,45,New Avengers,20,3.99,Marvel,41962,Jonathan Hickman,8.8,,,,,,
2014-07.csv,2014-07,55,New Avengers,21,3.99,Marvel,42699,Jonathan Hickman,9.1,,,,,,
2014-08.csv,2014-08,35,New Avengers,22,3.99,Marvel,42797,Jonathan Hickman,7.6,,,,,,
2014-08.csv,2014-08,43,New Avengers,23,3.99,Marvel,40018,Jonathan Hickman,8.4,,,,,,
2014-09.csv,2014-09,64,New Avengers,24,4.99,Marvel,45123,Jonathan Hickman,8.7,,,,,,
2014-10.csv,2014-10,59,New Avengers,25,3.99,Marvel,42979,Jonathan Hickman,7.6,,,,,,
2014-11.csv,2014-11,37,New Avengers,26,3.99,Marvel,46318,Jonathan Hickman,8.4,,,,,,
2014-11.csv,2014-11,46,New Avengers,27,3.99,Marvel,40408,Jonathan Hickman,7.4,,,,,,
2014-12.csv,2014-12,48,New Avengers,28,3.99,Marvel,39855,Jonathan Hickman,9.2,,,,,,
2015-01.csv,2015-01,30,New Avengers,29,3.99,Marvel,41116,Jonathan Hickman,6.8,,,,,,
2015-02.csv,2015-02,36,New Avengers,30,3.99,Marvel,42827,Jonathan Hickman,6,,,,,,
2015-03.csv,2015-03,31,New Avengers,31,3.99,Marvel,44444,Jonathan Hickman,7.4,,,,,,
2015-03.csv,2015-03,42,New Avengers,32,3.99,Marvel,40583,Jonathan Hickman,8.6,,,,,,
2015-04.csv,2015-04,29,New Avengers,33,4.99,Marvel,55437,Jonathan Hickman,6.5,,,,,,
