File,Date,Rank,Comic-book_Title,Issue,Price,Publisher,Units_Sold,Writer,Rating,Movie_Playing
1997-04.csv,1997-04,1,Uncanny X-Men,345,1.95,Marvel,179378,Scott Lobdell,,0
1997-04.csv,1997-04,2,X-Men,65,1.95,Marvel,177828,Scott Lobdell,,0
1997-05.csv,1997-05,2,Uncanny X-Men,-1,1.95,Marvel,162890,Scott Lobdell,,0
1997-05.csv,1997-05,3,X-Men,-1,1.95,Marvel,160365,Scott Lobdell,,0
1997-06.csv,1997-06,1,Uncanny X-Men,346,1.99,Marvel,173453,Scott Lobdell,,0
1997-06.csv,1997-06,2,X-Men,66,1.99,Marvel,169677,Scott Lobdell,,0
1997-07.csv,1997-07,1,Uncanny X-Men,347,1.99,Marvel,165832,Scott Lobdell,,0
1997-07.csv,1997-07,2,X-Men,67,1.99,Marvel,162451,Scott Lobdell,,0
1997-08.csv,1997-08,2,Uncanny X-Men,348,1.99,Marvel,163028,Scott Lobdell,,0
1997-08.csv,1997-08,3,X-Men,68,1.99,Marvel,160043,Scott Lobdell,,0
1997-09.csv,1997-09,1,Uncanny X-Men,349,1.99,Marvel,163170,Scott Lobdell,,0
1997-09.csv,1997-09,2,X-Men,69,1.99,Marvel,162600,Scott Lobdell,,0
1997-10.csv,1997-10,1,Uncanny X-Men,350,1.99,Marvel,171453,Scott Lobdell,,0
1997-10.csv,1997-10,2,X-Men,70,2.99,Marvel,166928,Joe Kelly,,0
1997-11.csv,1997-11,3,Uncanny X-Men,351,1.99,Marvel,159778,Steven T. Seagle,,0
1997-11.csv,1997-11,5,X-Men,71,1.99,Marvel,155400,Joe Kelly,,0
1997-12.csv,1997-12,5,Uncanny X-Men,352,1.99,Marvel,156519,Steven T. Seagle,,0
1997-12.csv,1997-12,6,X-Men,72,1.99,Marvel,151534,Joe Kelly,,0
1998-01.csv,1998-01,1,Uncanny X-Men,353,1.99,Marvel,154418,Steven T. Seagle,,0
1998-01.csv,1998-01,2,X-Men,73,1.99,Marvel,148639,Joe Kelly,,0
1998-02.csv,1998-02,1,Uncanny X-Men,354,1.99,Marvel,142450,Steven T. Seagle,,0
1998-02.csv,1998-02,2,X-Men,74,1.99,Marvel,139791,Joe Kelly,,0
1998-03.csv,1998-03,2,Uncanny X-Men,355,1.99,Marvel,143526,Steven T. Seagle,,0
1998-03.csv,1998-03,1,X-Men,75,2.99,Marvel,146013,Joe Kelly,,0
1998-04.csv,1998-04,1,Uncanny X-Men,356,1.99,Marvel,149541,Steven T. Seagle,,0
1998-04.csv,1998-04,2,X-Men,76,1.99,Marvel,142597,Joe Kelly,,0
1998-05.csv,1998-05,1,Uncanny X-Men,357,1.99,Marvel,142959,Steven T. Seagle,,0
1998-05.csv,1998-05,2,X-Men,77,1.99,Marvel,135240,Joe Kelly,,0
1998-06.csv,1998-06,1,Uncanny X-Men,358,1.99,Marvel,143673,Steven T. Seagle,,0
1998-06.csv,1998-06,2,X-Men,78,1.99,Marvel,137598,Joe Kelly,,0
1998-07.csv,1998-07,2,Uncanny X-Men,359,1.99,Marvel,137544,Steven T. Seagle,,0
1998-07.csv,1998-07,3,X-Men,79,1.99,Marvel,131283,Joe Kelly,,0
1998-09.csv,1998-09,1,Uncanny X-Men,361,1.99,Marvel,138138,Steven T. Seagle,,0
1998-09.csv,1998-09,2,X-Men,81,1.99,Marvel,132371,Joe Kelly,,0
1998-10.csv,1998-10,1,Uncanny X-Men,362,1.99,Marvel,138548,Steven T. Seagle,,0
1998-10.csv,1998-10,2,X-Men,82,1.99,Marvel,133181,Joe Kelly,,0
1998-11.csv,1998-11,1,Uncanny X-Men,363,1.99,Marvel,136591,Steven T. Seagle,,0
1998-11.csv,1998-11,2,Uncanny X-Men,364,1.99,Marvel,136044,Steven T. Seagle,,0
1998-11.csv,1998-11,3,X-Men,83,1.99,Marvel,131752,Joe Kelly,,0
1998-12.csv,1998-12,3,Uncanny X-Men,365,1.99,Marvel,134677,Steven T. Seagle,,0
1998-12.csv,1998-12,2,X-Men,85,1.99,Marvel,135558,Joe Kelly,,0
1998-12.csv,1998-12,4,X-Men,84,1.99,Marvel,131203,Joe Kelly,,0
1999-01.csv,1999-01,1,Uncanny X-Men,366,1.99,Marvel,139010,Alan Davis,,0
1999-01.csv,1999-01,2,X-Men,86,1.99,Marvel,136483,Fabian Nicieza,,0
1999-02.csv,1999-02,1,Uncanny X-Men,367,1.99,Marvel,130872,Alan Davis,,0
1999-02.csv,1999-02,2,X-Men,87,1.99,Marvel,129409,Fabian Nicieza,,0
1999-03.csv,1999-03,1,Uncanny X-Men,368,1.99,Marvel,131418,Alan Davis,,0
1999-03.csv,1999-03,2,X-Men,88,1.99,Marvel,128425,Joe Casey,,0
1999-04.csv,1999-04,1,Uncanny X-Men,369,1.99,Marvel,129900,Alan Davis,,0
1999-04.csv,1999-04,2,X-Men,89,1.99,Marvel,128685,Terry Kavanagh,,0
1999-05.csv,1999-05,1,Uncanny X-Men,370,1.99,Marvel,127164,Alan Davis,,0
1999-05.csv,1999-05,2,X-Men,90,1.99,Marvel,124648,Terry Kavanagh,,0
1999-06.csv,1999-06,1,Uncanny X-Men,371,1.99,Marvel,125608,Alan Davis,,0
1999-06.csv,1999-06,2,X-Men,91,1.99,Marvel,123280,Alan Davis,,0
1999-07.csv,1999-07,1,Uncanny X-Men,372,1.99,Marvel,123144,Alan Davis,,0
1999-07.csv,1999-07,2,X-Men,92,1.99,Marvel,120286,Alan Davis,,0
1999-08.csv,1999-08,1,Uncanny X-Men,373,1.99,Marvel,116274,Alan Davis,,0
1999-08.csv,1999-08,2,X-Men,93,1.99,Marvel,113248,Terry Kavanagh,,0
1999-09.csv,1999-09,1,Uncanny X-Men,374,1.99,Marvel,110737,Alan Davis,,0
1999-09.csv,1999-09,2,X-Men,94,2.99,Marvel,108544,Terry Kavanagh,,0
1999-10.csv,1999-10,1,Uncanny X-Men,375,2.99,Marvel,114868,Alan Davis,,0
1999-10.csv,1999-10,2,X-Men,95,1.99,Marvel,108852,Alan Davis,,0
1999-11.csv,1999-11,2,Uncanny X-Men,376,1.99,Marvel,110180,Alan Davis,,0
1999-11.csv,1999-11,3,X-Men,96,1.99,Marvel,106841,Chris Claremont,,0
1999-12.csv,1999-12,2,Uncanny X-Men,377,1.99,Marvel,111650,Alan Davis,,0
1999-12.csv,1999-12,1,X-Men,97,1.99,Marvel,117491,Alan Davis,,0
2000-01.csv,2000-01,1,Uncanny X-Men,378,1.99,Marvel,113703,Alan Davis,,0
2000-01.csv,2000-01,2,X-Men,98,1.99,Marvel,109676,Terry Kavanagh,,0
2000-02.csv,2000-02,1,Uncanny X-Men,379,1.99,Marvel,108443,Alan Davis,,0
2000-02.csv,2000-02,2,X-Men,99,1.99,Marvel,104696,Alan Davis,,0
2000-03.csv,2000-03,2,Uncanny X-Men,380,2.99,Marvel,115158,Alan Davis,,0
2000-03.csv,2000-03,1,X-Men,100,2.99,Marvel,144878,Chris Claremont,,0
2000-04.csv,2000-04,2,Uncanny X-Men,381,2.25,Marvel,119319,Chris Claremont,,0
2000-04.csv,2000-04,3,X-Men,101,2.25,Marvel,111182,Chris Claremont,,0
2000-05.csv,2000-05,1,Uncanny X-Men,382,2.25,Marvel,114855,Chris Claremont,,0
2000-05.csv,2000-05,2,X-Men,102,2.25,Marvel,111747,Chris Claremont,,0
2000-06.csv,2000-06,1,Uncanny X-Men,383,2.99,Marvel,120672,Chris Claremont,,0
2000-06.csv,2000-06,2,X-Men,103,2.25,Marvel,116358,Chris Claremont,,0
2000-07.csv,2000-07,2,Uncanny X-Men,384,2.25,Marvel,116652,Chris Claremont,,1
2000-07.csv,2000-07,3,X-Men,104,2.25,Marvel,113872,Chris Claremont,,1
2000-08.csv,2000-08,1,Uncanny X-Men,385,2.25,Marvel,109829,Chris Claremont,,1
2000-08.csv,2000-08,2,X-Men,105,2.25,Marvel,106815,Chris Claremont,,1
2000-09.csv,2000-09,1,Uncanny X-Men,386,2.25,Marvel,111873,Chris Claremont,,1
2000-09.csv,2000-09,2,X-Men,106,2.99,Marvel,109354,Chris Claremont,,1
2000-10.csv,2000-10,1,Uncanny X-Men,387,2.25,Marvel,113696,Chris Claremont,,1
2000-10.csv,2000-10,2,X-Men,107,2.25,Marvel,110786,Chris Claremont,,1
2000-11.csv,2000-11,1,Uncanny X-Men,388,2.25,Marvel,110874,Chris Claremont,,1
2000-11.csv,2000-11,2,X-Men,108,2.25,Marvel,109190,Chris Claremont,,1
2000-12.csv,2000-12,2,Uncanny X-Men,389,2.25,Marvel,106514,Chris Claremont,,0
2000-12.csv,2000-12,3,X-Men,109,3.5,Marvel,104643,Chris Claremont,,0
2001-01.csv,2001-01,2,Uncanny X-Men,390,2.25,Marvel,98437,Scott Lobdell,,0
2001-01.csv,2001-01,1,X-Men,110,2.25,Marvel,100964,Scott Lobdell,,0
2001-02.csv,2001-02,1,Uncanny X-Men,391,2.25,Marvel,102428,Scott Lobdell,,0
2001-02.csv,2001-02,2,X-Men,111,2.25,Marvel,99712,Scott Lobdell,,0
2001-03.csv,2001-03,2,Uncanny X-Men,392,2.25,Marvel,103407,Scott Lobdell,,0
2001-03.csv,2001-03,3,X-Men,112,2.25,Marvel,100353,Scott Lobdell,,0
2001-04.csv,2001-04,2,Uncanny X-Men,393,2.25,Marvel,105890,Scott Lobdell,,0
2001-04.csv,2001-04,3,X-Men,113,2.25,Marvel,103634,Scott Lobdell,,0
2001-05.csv,2001-05,1,New X-Men,114,2.25,Marvel,144835,Grant Morrison,,0
2001-05.csv,2001-05,2,Uncanny X-Men,394,2.25,Marvel,136081,Joe Casey,,0
2001-06.csv,2001-06,1,New X-Men,115,2.25,Marvel,142308,Grant Morrison,,0
2001-06.csv,2001-06,2,Uncanny X-Men,395,2.25,Marvel,139359,Joe Casey,,0
2001-07.csv,2001-07,1,New X-Men,116,2.25,Marvel,136249,Grant Morrison,,0
2001-07.csv,2001-07,2,Uncanny X-Men,396,2.25,Marvel,132705,Joe Casey,,0
2001-08.csv,2001-08,1,New X-Men,117,2.25,Marvel,136919,Grant Morrison,,0
2001-08.csv,2001-08,2,Uncanny X-Men,397,2.25,Marvel,132181,Joe Casey,,0
2001-09.csv,2001-09,2,New X-Men,118,2.25,Marvel,127670,Grant Morrison,,0
2001-09.csv,2001-09,3,Uncanny X-Men,398,2.25,Marvel,121426,Joe Casey,,0
2001-10.csv,2001-10,3,New X-Men,119,2.25,Marvel,124281,Grant Morrison,,0
2001-10.csv,2001-10,4,Uncanny X-Men,399,2.25,Marvel,118197,Joe Casey,,0
2001-11.csv,2001-11,3,New X-Men,120,2.25,Marvel,125338,Grant Morrison,,0
2001-11.csv,2001-11,2,Uncanny X-Men,400,3.5,Marvel,134206,Joe Casey,,0
2001-12.csv,2001-12,3,New X-Men,121,2.25,Marvel,120618,Grant Morrison,,0
2001-12.csv,2001-12,4,Uncanny X-Men,401,2.25,Marvel,113546,Joe Casey,,0
2002-01.csv,2002-01,4,New X-Men,122,2.25,Marvel,117263,Grant Morrison,,0
2002-01.csv,2002-01,6,Uncanny X-Men,402,2.25,Marvel,108567,Joe Casey,,0
2002-02.csv,2002-02,3,New X-Men,123,2.25,Marvel,113512,Grant Morrison,,0
2002-02.csv,2002-02,4,Uncanny X-Men,403,2.25,Marvel,104311,Joe Casey,,0
2002-03.csv,2002-03,1,New X-Men,124,2.25,Marvel,111904,Grant Morrison,,0
2002-03.csv,2002-03,4,Uncanny X-Men,404,2.25,Marvel,102499,Joe Casey,,0
2002-04.csv,2002-04,2,New X-Men,125,2.25,Marvel,112005,Grant Morrison,,0
2002-04.csv,2002-04,6,Uncanny X-Men,405,2.25,Marvel,100958,Joe Casey,,0
2002-05.csv,2002-05,2,New X-Men,126,2.25,Marvel,110718,Grant Morrison,,0
2002-05.csv,2002-05,6,Uncanny X-Men,406,2.25,Marvel,98022,Joe Casey,,0
2002-06.csv,2002-06,3,New X-Men,127,2.25,Marvel,106892,Grant Morrison,,0
2002-06.csv,2002-06,5,New X-Men,128,2.25,Marvel,106190,Grant Morrison,,0
2002-06.csv,2002-06,8,Uncanny X-Men,407,2.25,Marvel,94855,Joe Casey,,0
2002-07.csv,2002-07,7,New X-Men,129,2.25,Marvel,105823,Grant Morrison,,0
2002-07.csv,2002-07,10,Uncanny X-Men,408,2.25,Marvel,93248,Joe Casey,,0
2002-07.csv,2002-07,11,Uncanny X-Men,409,2.25,Marvel,93107,Joe Casey,,0
2002-08.csv,2002-08,7,New X-Men,131,2.25,Marvel,105474,Grant Morrison,,0
2002-08.csv,2002-08,8,New X-Men,130,2.25,Marvel,105464,Grant Morrison,,0
2002-08.csv,2002-08,12,Uncanny X-Men,410,2.25,Marvel,92880,Chuck Austen,,0
2002-08.csv,2002-08,13,Uncanny X-Men,411,2.25,Marvel,92739,Chuck Austen,,0
2002-09.csv,2002-09,3,New X-Men,132,2.25,Marvel,105640,Grant Morrison,,0
2002-09.csv,2002-09,10,Uncanny X-Men,412,2.25,Marvel,90979,Chuck Austen,,0
2002-09.csv,2002-09,11,Uncanny X-Men,413,2.25,Marvel,90733,Chuck Austen,,0
2002-10.csv,2002-10,4,New X-Men,133,2.25,Marvel,104932,Grant Morrison,,0
2002-10.csv,2002-10,10,Uncanny X-Men,414,2.25,Marvel,89536,Chuck Austen,,0
2002-11.csv,2002-11,4,New X-Men,134,2.25,Marvel,103775,Grant Morrison,,0
2002-11.csv,2002-11,11,Uncanny X-Men,415,2.25,Marvel,89398,Chuck Austen,,0
2002-12.csv,2002-12,6,New X-Men,135,2.25,Marvel,103153,Grant Morrison,,0
2002-12.csv,2002-12,9,Uncanny X-Men,416,2.25,Marvel,94702,Chuck Austen,,0
2003-01.csv,2003-01,5,New X-Men,136,2.25,Marvel,100720,Grant Morrison,,0
2003-01.csv,2003-01,9,Uncanny X-Men,417,2.25,Marvel,90447,Chuck Austen,,0
2003-01.csv,2003-01,10,Uncanny X-Men,418,2.25,Marvel,90163,Chuck Austen,,0
2003-02.csv,2003-02,5,New X-Men,137,2.25,Marvel,104586,Grant Morrison,,0
2003-02.csv,2003-02,8,Uncanny X-Men,419,2.25,Marvel,93521,Chuck Austen,,0
2003-03.csv,2003-03,6,New X-Men,138,2.25,Marvel,94141,Grant Morrison,,0
2003-03.csv,2003-03,8,Uncanny X-Men,420,2.25,Marvel,84453,Chuck Austen,,0
2003-04.csv,2003-04,5,New X-Men,139,2.25,Marvel,96249,Grant Morrison,,0
2003-04.csv,2003-04,6,New X-Men,140,2.25,Marvel,95189,Grant Morrison,,0
2003-04.csv,2003-04,9,Uncanny X-Men,421,2.25,Marvel,86744,Chuck Austen,,0
2003-04.csv,2003-04,10,Uncanny X-Men,422,3.5,Marvel,86130,Chuck Austen,,0
2003-05.csv,2003-05,6,New X-Men,141,2.25,Marvel,95173,Grant Morrison,,1
2003-05.csv,2003-05,8,Uncanny X-Men,424,2.25,Marvel,94013,Chuck Austen,,1
2003-06.csv,2003-06,5,New X-Men,142,2.25,Marvel,98071,Grant Morrison,,1
2003-06.csv,2003-06,6,Uncanny X-Men,425,2.25,Marvel,91710,Chuck Austen,,1
2003-06.csv,2003-06,7,Uncanny X-Men,426,2.25,Marvel,89878,Chuck Austen,,1
2003-07.csv,2003-07,6,New X-Men,143,2.25,Marvel,99439,Grant Morrison,,1
2003-07.csv,2003-07,10,Uncanny X-Men,428,2.25,Marvel,93162,Chuck Austen,,1
2003-07.csv,2003-07,11,Uncanny X-Men,427,2.25,Marvel,91716,Chuck Austen,,1
2003-08.csv,2003-08,7,New X-Men,144,2.25,Marvel,101034,Grant Morrison,,1
2003-08.csv,2003-08,8,Uncanny X-Men,429,2.25,Marvel,95088,Chuck Austen,,1
2003-09.csv,2003-09,6,New X-Men,146,2.25,Marvel,106181,Grant Morrison,,1
2003-09.csv,2003-09,9,New X-Men,145,2.25,Marvel,101879,Grant Morrison,,1
2003-09.csv,2003-09,10,Uncanny X-Men,430,2.25,Marvel,94707,Chuck Austen,,1
2003-09.csv,2003-09,11,Uncanny X-Men,431,2.25,Marvel,92873,Chuck Austen,,1
2003-10.csv,2003-10,8,New X-Men,147,2.25,Marvel,105655,Grant Morrison,,0
2003-10.csv,2003-10,10,New X-Men,148,2.25,Marvel,103017,Grant Morrison,,0
2003-10.csv,2003-10,13,Uncanny X-Men,432,2.25,Marvel,92479,Chuck Austen,,0
2003-11.csv,2003-11,6,New X-Men,149,2.25,Marvel,102413,Grant Morrison,,0
2003-11.csv,2003-11,10,Uncanny X-Men,433,2.25,Marvel,90606,Chuck Austen,,0
2003-12.csv,2003-12,3,New X-Men,150,3.5,Marvel,110563,Grant Morrison,,0
2003-12.csv,2003-12,13,Uncanny X-Men,434,2.25,Marvel,90296,Chuck Austen,,0
2003-12.csv,2003-12,14,Uncanny X-Men,435,2.25,Marvel,89744,Chuck Austen,,0
2003-12.csv,2003-12,15,Uncanny X-Men,436,2.25,Marvel,89083,Chuck Austen,,0
2004-01.csv,2004-01,2,New X-Men,151,2.25,Marvel,124048,Grant Morrison,,0
2004-01.csv,2004-01,3,New X-Men,152,2.25,Marvel,118133,Grant Morrison,,0
2004-01.csv,2004-01,9,Uncanny X-Men,437,2.25,Marvel,89923,Chuck Austen,,0
2004-01.csv,2004-01,11,Uncanny X-Men,438,2.25,Marvel,88515,Chuck Austen,,0
2004-02.csv,2004-02,1,New X-Men,153,2.25,Marvel,113848,Grant Morrison,,0
2004-02.csv,2004-02,8,Uncanny X-Men,439,2.25,Marvel,86235,Chuck Austen,,0
2004-02.csv,2004-02,9,Uncanny X-Men,440,2.25,Marvel,85689,Chuck Austen,,0
2004-03.csv,2004-03,3,New X-Men,154,2.25,Marvel,117253,Grant Morrison,,0
2004-03.csv,2004-03,10,Uncanny X-Men,441,2.25,Marvel,86430,Chuck Austen,,0
2004-04.csv,2004-04,6,New X-Men,155,2.25,Marvel,100094,Chuck Austen,,0
2004-04.csv,2004-04,7,New X-Men,156,2.25,Marvel,98790,Chuck Austen,,0
2004-04.csv,2004-04,13,Uncanny X-Men,442,2.25,Marvel,86980,Chuck Austen,,0
2004-04.csv,2004-04,14,Uncanny X-Men,443,2.25,Marvel,86007,Chuck Austen,,0
2004-05.csv,2004-05,1,Astonishing X-Men,1,2.99,Marvel,209289,Joss Whedon,,0
2004-05.csv,2004-05,14,New X-Men,1,2.99,Marvel,76380,Christina Weir,,0
2004-05.csv,2004-05,5,Uncanny X-Men,444,2.25,Marvel,112076,Chris Claremont,,0
2004-05.csv,2004-05,6,X-Men,157,2.25,Marvel,107134,Chuck Austen,,0
2004-06.csv,2004-06,3,Astonishing X-Men,2,2.99,Marvel,133789,Joss Whedon,,0
2004-06.csv,2004-06,23,New X-Men,2,2.99,Marvel,58857,Christina Weir,,0
2004-06.csv,2004-06,8,Uncanny X-Men,445,2.25,Marvel,98664,Chris Claremont,,0
2004-06.csv,2004-06,9,X-Men,158,2.25,Marvel,96762,Chuck Austen,,0
2004-07.csv,2004-07,4,Astonishing X-Men,3,2.99,Marvel,129369,Joss Whedon,,0
2004-07.csv,2004-07,21,New X-Men,3,2.99,Marvel,55307,Nunzio Defilippis,,0
2004-07.csv,2004-07,7,Uncanny X-Men,446,2.25,Marvel,96966,Chris Claremont,,0
2004-07.csv,2004-07,9,X-Men,159,2.25,Marvel,93169,Chuck Austen,,0
2004-08.csv,2004-08,1,Astonishing X-Men,4,2.99,Marvel,145546,Joss Whedon,,0
2004-08.csv,2004-08,26,New X-Men,4,2.99,Marvel,51903,Nunzio Defilippis,,0
2004-08.csv,2004-08,9,Uncanny X-Men,447,2.25,Marvel,95840,Chris Claremont,,0
2004-08.csv,2004-08,11,X-Men,160,2.25,Marvel,91792,Chuck Austen,,0
2004-09.csv,2004-09,2,Astonishing X-Men,5,2.99,Marvel,131544,Joss Whedon,,0
2004-09.csv,2004-09,34,New X-Men,5,2.99,Marvel,48523,Nunzio Defilippis,,0
2004-09.csv,2004-09,6,Uncanny X-Men,448,2.25,Marvel,94703,Chris Claremont,,0
2004-09.csv,2004-09,8,Uncanny X-Men,449,2.25,Marvel,93834,Chris Claremont,,0
2004-09.csv,2004-09,11,X-Men,161,2.25,Marvel,90586,Chuck Austen,,0
2004-09.csv,2004-09,12,X-Men,162,2.25,Marvel,89873,Chuck Austen,,0
2004-10.csv,2004-10,30,New X-Men,6,2.99,Marvel,45603,Nunzio Defilippis,,0
2004-10.csv,2004-10,5,Uncanny X-Men,450,2.25,Marvel,101409,Chris Claremont,,0
2004-10.csv,2004-10,6,Uncanny X-Men,451,2.25,Marvel,97405,Chris Claremont,,0
2004-10.csv,2004-10,12,X-Men,163,2.25,Marvel,88530,Chuck Austen,,0
2004-11.csv,2004-11,2,Astonishing X-Men,6,2.99,Marvel,134835,Joss Whedon,,0
2004-11.csv,2004-11,10,Uncanny X-Men,452,2.25,Marvel,92047,Chris Claremont,,0
2004-11.csv,2004-11,14,X-Men,164,2.25,Marvel,88617,Chuck Austen,,0
2004-12.csv,2004-12,4,Astonishing X-Men,7,2.99,Marvel,134109,Joss Whedon,,0
2004-12.csv,2004-12,30,New X-Men,7,2.99,Marvel,43026,Nunzio Defilippis,,0
2004-12.csv,2004-12,9,Uncanny X-Men,453,2.25,Marvel,89956,Chris Claremont,,0
2004-12.csv,2004-12,11,X-Men,165,2.25,Marvel,86637,Chris Claremont,,0
2005-01.csv,2005-01,33,New X-Men,8,2.99,Marvel,40099,Nunzio Defilippis,,0
2005-01.csv,2005-01,38,New X-Men,9,2.99,Marvel,38121,Nunzio Defilippis,,0
2005-01.csv,2005-01,6,Uncanny X-Men,454,2.25,Marvel,87236,Chris Claremont,,0
2005-01.csv,2005-01,7,X-Men,166,2.25,Marvel,85762,Peter Milligan,,0
2005-02.csv,2005-02,2,Astonishing X-Men,8,2.99,Marvel,134195,Joss Whedon,,0
2005-02.csv,2005-02,48,New X-Men,10,2.99,Marvel,36926,Nunzio Defilippis,,0
2005-02.csv,2005-02,8,Uncanny X-Men,455,2.25,Marvel,88960,Chris Claremont,,0
2005-02.csv,2005-02,10,Uncanny X-Men,456,2.25,Marvel,86806,Chris Claremont,,0
2005-02.csv,2005-02,12,X-Men,167,2.25,Marvel,84193,Peter Milligan,,0
2005-03.csv,2005-03,4,Astonishing X-Men,9,2.99,Marvel,132130,Joss Whedon,,0
2005-03.csv,2005-03,60,New X-Men,11,2.99,Marvel,35505,Nunzio Defilippis,,0
2005-03.csv,2005-03,12,Uncanny X-Men,457,2.25,Marvel,86257,Chris Claremont,,0
2005-03.csv,2005-03,14,X-Men,168,2.25,Marvel,83874,Peter Milligan,,0
2005-04.csv,2005-04,54,New X-Men,12,2.99,Marvel,35773,Nunzio Defilippis,,0
2005-04.csv,2005-04,8,Uncanny X-Men,458,2.25,Marvel,85284,Chris Claremont,,0
2005-04.csv,2005-04,10,X-Men,169,2.25,Marvel,82778,Peter Milligan,,0
2005-05.csv,2005-05,2,Astonishing X-Men,10,2.99,Marvel,134963,Joss Whedon,,0
2005-05.csv,2005-05,57,New X-Men,13,2.99,Marvel,35027,Nunzio Defilippis,,0
2005-05.csv,2005-05,59,New X-Men,14,2.99,Marvel,34574,Nunzio Defilippis,,0
2005-05.csv,2005-05,8,Uncanny X-Men,459,2.25,Marvel,83532,Chris Claremont,,0
2005-05.csv,2005-05,11,X-Men,170,2.25,Marvel,81034,Peter Milligan,,0
2005-06.csv,2005-06,60,New X-Men,15,2.99,Marvel,34001,Nunzio Defilippis,,0
2005-06.csv,2005-06,9,Uncanny X-Men,461,2.5,Marvel,91205,Chris Claremont,,0
2005-06.csv,2005-06,12,Uncanny X-Men,460,2.5,Marvel,82443,Chris Claremont,,0
2005-06.csv,2005-06,13,X-Men,171,2.5,Marvel,80292,Peter Milligan,,0
2005-06.csv,2005-06,16,X-Men,172,2.5,Marvel,78875,Peter Milligan,,0
2005-07.csv,2005-07,5,Astonishing X-Men,11,2.99,Marvel,127785,Joss Whedon,,0
2005-07.csv,2005-07,45,New X-Men,16,2.99,Marvel,44842,Nunzio Defilippis,,0
2005-07.csv,2005-07,10,Uncanny X-Men,462,2.5,Marvel,91136,Chris Claremont,,0
2005-07.csv,2005-07,17,X-Men,173,2.5,Marvel,77164,Peter Milligan,,0
2005-08.csv,2005-08,5,Astonishing X-Men,12,2.99,Marvel,125824,Joss Whedon,,0
2005-08.csv,2005-08,54,New X-Men,17,2.99,Marvel,43904,Nunzio Defilippis,,0
2005-08.csv,2005-08,11,Uncanny X-Men,463,2.5,Marvel,87603,Chris Claremont,,0
2005-08.csv,2005-08,15,X-Men,174,2.5,Marvel,76336,Peter Milligan,,0
2005-09.csv,2005-09,51,New X-Men,18,2.99,Marvel,43281,Nunzio Defilippis,,0
2005-09.csv,2005-09,13,Uncanny X-Men,464,2.5,Marvel,85876,Chris Claremont,,0
2005-09.csv,2005-09,18,X-Men,175,2.5,Marvel,76546,Peter Milligan,,0
2005-10.csv,2005-10,41,New X-Men,19,2.99,Marvel,41665,Nunzio Defilippis,,0
2005-10.csv,2005-10,6,Uncanny X-Men,465,2.5,Marvel,84217,Chris Claremont,,0
2005-10.csv,2005-10,14,X-Men,176,2.5,Marvel,74588,Peter Milligan,,0
2005-11.csv,2005-11,28,New X-Men,20,2.99,Marvel,53062,Craig Kyle,,0
2005-11.csv,2005-11,10,Uncanny X-Men,466,2.5,Marvel,82824,Chris Claremont,,0
2005-11.csv,2005-11,13,X-Men,177,2.5,Marvel,78404,Peter Milligan,,0
2005-11.csv,2005-11,15,X-Men,178,2.5,Marvel,76194,Peter Milligan,,0
2005-12.csv,2005-12,44,New X-Men,21,2.99,Marvel,43474,Craig Kyle,,0
2005-12.csv,2005-12,9,Uncanny X-Men,467,2.5,Marvel,81282,Chris Claremont,,0
2005-12.csv,2005-12,12,X-Men,179,2.5,Marvel,77190,Peter Milligan,,0
2005-12.csv,2005-12,16,X-Men,180,2.5,Marvel,74386,Peter Milligan,,0
2006-01.csv,2006-01,36,New X-Men,22,2.99,Marvel,42908,Craig Kyle,,0
2006-01.csv,2006-01,7,Uncanny X-Men,468,2.5,Marvel,79781,Chris Claremont,,0
2006-01.csv,2006-01,10,X-Men,181,2.5,Marvel,74069,Peter Milligan,,0
2006-02.csv,2006-02,1,Astonishing X-Men,13,2.99,Marvel,140603,Joss Whedon,,0
2006-02.csv,2006-02,41,New X-Men,23,2.99,Marvel,41447,Craig Kyle,,0
2006-02.csv,2006-02,10,Uncanny X-Men,469,2.5,Marvel,79009,Chris Claremont,,0
2006-02.csv,2006-02,11,X-Men,182,2.5,Marvel,78624,Peter Milligan,,0
2006-02.csv,2006-02,12,X-Men,183,2.5,Marvel,76425,Peter Milligan,,0
2006-03.csv,2006-03,52,New X-Men,24,2.99,Marvel,42038,Craig Kyle,,0
2006-03.csv,2006-03,9,Uncanny X-Men,470,2.5,Marvel,79379,Chris Claremont,,0
2006-03.csv,2006-03,11,Uncanny X-Men,471,2.5,Marvel,78277,Chris Claremont,,0
2006-03.csv,2006-03,12,X-Men,184,2.5,Marvel,77990,Peter Milligan,,0
2006-04.csv,2006-04,4,Astonishing X-Men,14,2.99,Marvel,119546,Joss Whedon,,0
2006-04.csv,2006-04,50,New X-Men,25,2.99,Marvel,40177,Craig Kyle,,0
2006-04.csv,2006-04,11,Uncanny X-Men,472,2.99,Marvel,79158,Chris Claremont,,0
2006-04.csv,2006-04,12,X-Men,185,2.99,Marvel,78816,Peter Milligan,,0
2006-05.csv,2006-05,58,New X-Men,26,2.99,Marvel,40058,Craig Kyle,,1
2006-05.csv,2006-05,17,Uncanny X-Men,473,2.99,Marvel,79305,Tony Bedard,,1
2006-05.csv,2006-05,16,X-Men,186,2.99,Marvel,79506,Peter Milligan,,1
2006-06.csv,2006-06,8,Astonishing X-Men,15,2.99,Marvel,119997,Joss Whedon,,1
2006-06.csv,2006-06,53,New X-Men,27,2.99,Marvel,39787,Craig Kyle,,1
2006-06.csv,2006-06,23,Uncanny X-Men,474,2.99,Marvel,78143,Tony Bedard,,1
2006-06.csv,2006-06,24,X-Men,187,2.99,Marvel,77921,Mike Carey,,1
2006-07.csv,2006-07,55,New X-Men,28,2.99,Marvel,39766,Craig Kyle,,1
2006-07.csv,2006-07,11,Uncanny X-Men,475,2.99,Marvel,103980,Ed Brubaker,,1
2006-07.csv,2006-07,19,Uncanny X-Men,476,2.99,Marvel,88764,Ed Brubaker,,1
2006-07.csv,2006-07,17,X-Men,188,2.99,Marvel,95475,Mike Carey,,1
2006-07.csv,2006-07,23,X-Men,189,2.99,Marvel,82257,Mike Carey,,1
2006-08.csv,2006-08,4,Astonishing X-Men,16,2.99,Marvel,120143,Joss Whedon,,1
2006-08.csv,2006-08,58,New X-Men,29,2.99,Marvel,40227,Craig Kyle,,1
2006-08.csv,2006-08,18,Uncanny X-Men,477,2.99,Marvel,89056,Ed Brubaker,,1
2006-08.csv,2006-08,21,X-Men,190,2.99,Marvel,81928,Mike Carey,,1
2006-09.csv,2006-09,3,Astonishing X-Men,17,2.99,Marvel,124014,Joss Whedon,,1
2006-09.csv,2006-09,51,New X-Men,30,2.99,Marvel,39654,Craig Kyle,,1
2006-09.csv,2006-09,16,Uncanny X-Men,478,2.99,Marvel,89841,Ed Brubaker,,1
2006-09.csv,2006-09,18,X-Men,191,2.99,Marvel,82040,Mike Carey,,1
2006-10.csv,2006-10,43,New X-Men,31,3.99,Marvel,39158,Craig Kyle,,0
2006-10.csv,2006-10,11,Uncanny X-Men,479,2.99,Marvel,89011,Ed Brubaker,,0
2006-10.csv,2006-10,16,X-Men,192,2.99,Marvel,81779,Mike Carey,,0
2006-11.csv,2006-11,5,Astonishing X-Men,18,2.99,Marvel,118277,Joss Whedon,,0
2006-11.csv,2006-11,58,New X-Men,32,2.99,Marvel,37916,Craig Kyle,,0
2006-11.csv,2006-11,17,Uncanny X-Men,480,2.99,Marvel,88578,Ed Brubaker,,0
2006-11.csv,2006-11,20,X-Men,193,2.99,Marvel,80097,Mike Carey,,0
2006-12.csv,2006-12,4,Astonishing X-Men,19,2.99,Marvel,121291,Joss Whedon,,0
2006-12.csv,2006-12,52,New X-Men,33,2.99,Marvel,38073,Craig Kyle,,0
2006-12.csv,2006-12,14,Uncanny X-Men,481,2.99,Marvel,85989,Ed Brubaker,,0
2006-12.csv,2006-12,20,X-Men,194,2.99,Marvel,78108,Mike Carey,,0
2007-01.csv,2007-01,47,New X-Men,34,2.99,Marvel,37270,Craig Kyle,,0
2007-01.csv,2007-01,17,Uncanny X-Men,482,2.99,Marvel,83855,Ed Brubaker,,0
2007-01.csv,2007-01,19,X-Men,195,2.99,Marvel,76896,Mike Carey,,0
2007-02.csv,2007-02,5,Astonishing X-Men,20,2.99,Marvel,119714,Joss Whedon,,0
2007-02.csv,2007-02,49,New X-Men,35,2.99,Marvel,37136,Craig Kyle,,0
2007-02.csv,2007-02,17,Uncanny X-Men,483,2.99,Marvel,82994,Ed Brubaker,,0
2007-02.csv,2007-02,19,X-Men,196,2.99,Marvel,75693,Mike Carey,,0
2007-03.csv,2007-03,58,New X-Men,36,2.99,Marvel,37002,Craig Kyle,,0
2007-03.csv,2007-03,16,Uncanny X-Men,484,2.99,Marvel,82038,Ed Brubaker,,0
2007-03.csv,2007-03,22,X-Men,197,2.99,Marvel,75180,Mike Carey,,0
2007-04.csv,2007-04,56,New X-Men,37,2.99,Marvel,37897,Craig Kyle,,0
2007-04.csv,2007-04,22,Uncanny X-Men,485,2.99,Marvel,81681,Ed Brubaker,,0
2007-04.csv,2007-04,23,X-Men,198,2.99,Marvel,74765,Mike Carey,,0
2007-05.csv,2007-05,6,Astonishing X-Men,21,2.99,Marvel,120457,Joss Whedon,,0
2007-05.csv,2007-05,65,New X-Men,38,2.99,Marvel,38903,Craig Kyle,,0
2007-05.csv,2007-05,21,Uncanny X-Men,486,2.99,Marvel,81939,Ed Brubaker,,0
2007-05.csv,2007-05,26,X-Men,199,2.99,Marvel,75971,Mike Carey,,0
2007-06.csv,2007-06,56,New X-Men,39,2.99,Marvel,39234,Craig Kyle,,0
2007-06.csv,2007-06,16,Uncanny X-Men,487,2.99,Marvel,81430,Ed Brubaker,,0
2007-06.csv,2007-06,3,X-Men,200,3.99,Marvel,136587,Mike Carey,,0
2007-07.csv,2007-07,52,New X-Men,40,2.99,Marvel,49497,Craig Kyle,,0
2007-07.csv,2007-07,16,Uncanny X-Men,488,2.99,Marvel,86716,Ed Brubaker,,0
2007-07.csv,2007-07,17,X-Men,201,2.99,Marvel,86247,Mike Carey,,0
2007-08.csv,2007-08,5,Astonishing X-Men,22,2.99,Marvel,117313,Joss Whedon,,0
2007-08.csv,2007-08,40,New X-Men,41,2.99,Marvel,52946,Craig Kyle,,0
2007-08.csv,2007-08,10,Uncanny X-Men,489,2.99,Marvel,88062,Ed Brubaker,,0
2007-08.csv,2007-08,15,X-Men,202,2.99,Marvel,86515,Mike Carey,,0
2007-09.csv,2007-09,35,New X-Men,42,2.99,Marvel,52714,Craig Kyle,,0
2007-09.csv,2007-09,9,Uncanny X-Men,490,2.99,Marvel,87925,Ed Brubaker,,0
2007-09.csv,2007-09,10,X-Men,203,2.99,Marvel,85626,Mike Carey,,0
2007-10.csv,2007-10,42,New X-Men,43,2.99,Marvel,49506,Craig Kyle,,0
2007-10.csv,2007-10,9,Uncanny X-Men,491,2.99,Marvel,85547,Ed Brubaker,,0
2007-10.csv,2007-10,11,X-Men,204,2.99,Marvel,83369,Mike Carey,,0
2007-11.csv,2007-11,2,Astonishing X-Men,23,2.99,Marvel,112879,Joss Whedon,,0
2007-11.csv,2007-11,20,New X-Men,44,2.99,Marvel,70805,Craig Kyle,,0
2007-11.csv,2007-11,5,Uncanny X-Men,492,2.99,Marvel,102474,Ed Brubaker,,0
2007-11.csv,2007-11,8,X-Men,205,2.99,Marvel,99051,Mike Carey,,0
2007-12.csv,2007-12,15,New X-Men,45,2.99,Marvel,75835,Craig Kyle,,0
2007-12.csv,2007-12,4,Uncanny X-Men,493,2.99,Marvel,102052,Ed Brubaker,,0
2007-12.csv,2007-12,7,X-Men,206,2.99,Marvel,97812,Mike Carey,,0
2008-01.csv,2008-01,5,Astonishing X-Men,24,2.99,Marvel,107545,Joss Whedon,,0
2008-01.csv,2008-01,16,New X-Men,46,2.99,Marvel,82592,Craig Kyle,,0
2008-01.csv,2008-01,6,Uncanny X-Men,494,2.99,Marvel,105435,Ed Brubaker,,0
2008-01.csv,2008-01,8,X-Men,207,2.99,Marvel,104709,Mike Carey,,0
2008-02.csv,2008-02,10,Uncanny X-Men,495,2.99,Marvel,90353,Ed Brubaker,,0
2008-02.csv,2008-02,12,X-Men Legacy,208,2.99,Marvel,88076,Mike Carey,,0
2008-03.csv,2008-03,5,Uncanny X-Men,496,2.99,Marvel,89028,Ed Brubaker,,0
2008-03.csv,2008-03,10,X-Men Legacy,209,2.99,Marvel,82219,Mike Carey,,0
2008-04.csv,2008-04,5,Uncanny X-Men,497,2.99,Marvel,93350,Ed Brubaker,,0
2008-04.csv,2008-04,15,X-Men Legacy,210,2.99,Marvel,77425,Mike Carey,,0
2008-05.csv,2008-05,14,Uncanny X-Men,498,2.99,Marvel,82066,Ed Brubaker,,0
2008-05.csv,2008-05,17,X-Men Legacy,211,2.99,Marvel,79795,Mike Carey,,0
2008-05.csv,2008-05,22,X-Men Legacy,212,2.99,Marvel,74011,Mike Carey,,0
2008-06.csv,2008-06,11,Uncanny X-Men,499,2.99,Marvel,81069,Ed Brubaker,,0
2008-06.csv,2008-06,18,X-Men Legacy,213,2.99,Marvel,71866,Mike Carey,,0
2008-07.csv,2008-07,3,Astonishing X-Men,25,2.99,Marvel,110701,Warren Ellis,,0
2008-07.csv,2008-07,2,Uncanny X-Men,500,3.99,Marvel,151923,Ed Brubaker,,0
2008-07.csv,2008-07,19,X-Men Legacy,214,2.99,Marvel,69849,Mike Carey,,0
2008-08.csv,2008-08,6,Astonishing X-Men,26,2.99,Marvel,94195,Warren Ellis,,0
2008-08.csv,2008-08,10,Uncanny X-Men,501,2.99,Marvel,85353,Matt Fraction,,0
2008-08.csv,2008-08,22,X-Men Legacy,215,2.99,Marvel,68011,Mike Carey,,0
2008-09.csv,2008-09,7,Uncanny X-Men,502,2.99,Marvel,82859,Matt Fraction,,0
2008-09.csv,2008-09,18,X-Men Legacy,216,2.99,Marvel,66415,Mike Carey,,0
2008-10.csv,2008-10,7,Astonishing X-Men,27,2.99,Marvel,86759,Warren Ellis,,0
2008-10.csv,2008-10,9,Uncanny X-Men,503,2.99,Marvel,81064,Matt Fraction,,0
2008-10.csv,2008-10,19,X-Men Legacy,217,2.99,Marvel,65880,Mike Carey,,0
2008-11.csv,2008-11,5,Uncanny X-Men,504,2.99,Marvel,77758,Matt Fraction,,0
2008-11.csv,2008-11,15,X-Men Legacy,218,2.99,Marvel,63500,Mike Carey,,0
2008-12.csv,2008-12,12,Uncanny X-Men,505,2.99,Marvel,82260,Matt Fraction,,0
2008-12.csv,2008-12,28,X-Men Legacy,219,2.99,Marvel,60578,Mike Carey,,0
2009-01.csv,2009-01,8,Astonishing X-Men,28,2.99,Marvel,72589,Warren Ellis,,0
2009-01.csv,2009-01,16,X-Men Legacy,220,2.99,Marvel,59268,Mike Carey,,0
2009-02.csv,2009-02,9,Uncanny X-Men,506,2.99,Marvel,71671,Matt Fraction,,0
2009-02.csv,2009-02,20,X-Men Legacy,221,2.99,Marvel,56507,Mike Carey,,0
2009-03.csv,2009-03,6,Uncanny X-Men,507,2.99,Marvel,77945,Matt Fraction,,0
2009-03.csv,2009-03,15,X-Men Legacy,222,2.99,Marvel,55598,Mike Carey,,0
2009-04.csv,2009-04,16,Astonishing X-Men,29,2.99,Marvel,67768,Warren Ellis,,0
2009-04.csv,2009-04,12,Uncanny X-Men,508,2.99,Marvel,76436,Matt Fraction,,0
2009-04.csv,2009-04,14,Uncanny X-Men,509,2.99,Marvel,69179,Matt Fraction,,0
2009-04.csv,2009-04,13,X-Men Legacy,223,2.99,Marvel,71929,Mike Carey,,0
2009-05.csv,2009-05,7,Uncanny X-Men,510,2.99,Marvel,75139,Matt Fraction,,1
2009-05.csv,2009-05,21,X-Men Legacy,224,2.99,Marvel,54008,Mike Carey,,1
2009-06.csv,2009-06,18,Astonishing X-Men,30,2.99,Marvel,64583,Warren Ellis,,1
2009-06.csv,2009-06,12,Uncanny X-Men,512,3.99,Marvel,76254,Matt Fraction,,1
2009-06.csv,2009-06,14,Uncanny X-Men,511,2.99,Marvel,71121,Matt Fraction,,1
2009-06.csv,2009-06,27,X-Men Legacy,225,2.99,Marvel,58351,Mike Carey,,1
2009-07.csv,2009-07,13,Uncanny X-Men,513,3.99,Marvel,83344,Matt Fraction,,1
2009-07.csv,2009-07,25,X-Men Legacy,226,2.99,Marvel,59259,Mike Carey,,1
2009-08.csv,2009-08,7,Uncanny X-Men,514,3.99,Marvel,90221,Matt Fraction,,1
2009-08.csv,2009-08,25,X-Men Legacy,227,2.99,Marvel,63249,Mike Carey,,1
2009-09.csv,2009-09,13,Uncanny X-Men,515,2.99,Marvel,73523,Matt Fraction,,1
2009-10.csv,2009-10,13,Astonishing X-Men,31,2.99,Marvel,67024,Warren Ellis,,0
2009-10.csv,2009-10,9,Uncanny X-Men,516,2.99,Marvel,73871,Matt Fraction,,0
2009-10.csv,2009-10,23,X-Men Legacy,228,2.99,Marvel,52823,Mike Carey,,0
2009-11.csv,2009-11,16,Astonishing X-Men,32,2.99,Marvel,62125,Warren Ellis,,0
2009-11.csv,2009-11,11,Uncanny X-Men,517,2.99,Marvel,69525,Matt Fraction,,0
2009-11.csv,2009-11,32,X-Men Legacy,229,2.99,Marvel,50766,Mike Carey,,0
2009-12.csv,2009-12,24,Astonishing X-Men,33,2.99,Marvel,57592,Warren Ellis,,0
2009-12.csv,2009-12,13,Uncanny X-Men,518,2.99,Marvel,68572,Matt Fraction,,0
2009-12.csv,2009-12,14,Uncanny X-Men,519,2.99,Marvel,67043,Matt Fraction,,0
2009-12.csv,2009-12,29,X-Men Legacy,231,2.99,Marvel,50929,Mike Carey,,0
2009-12.csv,2009-12,30,X-Men Legacy,230,3.99,Marvel,49776,Mike Carey,,0
2010-01.csv,2010-01,10,Uncanny X-Men,520,2.99,Marvel,65758,Matt Fraction,,0
2010-01.csv,2010-01,23,X-Men Legacy,232,2.99,Marvel,49200,Mike Carey,,0
2010-02.csv,2010-02,10,Uncanny X-Men,521,2.99,Marvel,67049,Matt Fraction,,0
2010-02.csv,2010-02,25,X-Men Legacy,233,2.99,Marvel,51344,Mike Carey,,0
2010-03.csv,2010-03,9,Uncanny X-Men,522,3.99,Marvel,67994,Matt Fraction,,0
2010-03.csv,2010-03,31,X-Men Legacy,234,2.99,Marvel,48216,Mike Carey,,0
2010-04.csv,2010-04,6,Uncanny X-Men,523,2.99,Marvel,74090,Matt Fraction,,0
2010-04.csv,2010-04,14,X-Men Legacy,235,2.99,Marvel,60649,Mike Carey,,0
2010-05.csv,2010-05,10,Uncanny X-Men,524,2.99,Marvel,77056,Matt Fraction,,0
2010-05.csv,2010-05,15,X-Men Legacy,236,2.99,Marvel,64850,Mike Carey,,0
2010-06.csv,2010-06,19,Astonishing X-Men,34,2.99,Marvel,57363,Warren Ellis,,0
2010-06.csv,2010-06,9,Uncanny X-Men,525,2.99,Marvel,76068,Matt Fraction,,0
2010-06.csv,2010-06,14,X-Men Legacy,237,2.99,Marvel,65578,Mike Carey,,0
2010-07.csv,2010-07,13,Uncanny X-Men,526,3.99,Marvel,66723,Matt Fraction,,0
2010-07.csv,2010-07,1,X-Men,1,3.99,Marvel,140332,Victor Gischler,6.3,0
2010-07.csv,2010-07,24,X-Men Legacy,238,2.99,Marvel,53313,Mike Carey,,0
2010-08.csv,2010-08,20,Astonishing X-Men,35,2.99,Marvel,50441,Warren Ellis,,0
2010-08.csv,2010-08,9,Uncanny X-Men,527,3.99,Marvel,69052,Matt Fraction,,0
2010-08.csv,2010-08,8,X-Men,2,3.99,Marvel,71464,Victor Gischler,5.9,0
2010-08.csv,2010-08,16,X-Men Legacy,239,2.99,Marvel,53236,Mike Carey,,0
2010-09.csv,2010-09,13,Uncanny X-Men,528,3.99,Marvel,62415,Matt Fraction,,0
2010-09.csv,2010-09,11,X-Men,3,3.99,Marvel,66549,Victor Gischler,7.7,0
2010-09.csv,2010-09,22,X-Men Legacy,240,2.99,Marvel,50984,Mike Carey,,0
2010-10.csv,2010-10,13,Uncanny X-Men,529,3.99,Marvel,62256,Matt Fraction,,0
2010-10.csv,2010-10,11,X-Men,4,3.99,Marvel,63772,Victor Gischler,4.5,0
2010-10.csv,2010-10,24,X-Men Legacy,241,2.99,Marvel,48133,Mike Carey,,0
2010-11.csv,2010-11,14,Uncanny X-Men,530,3.99,Marvel,58006,Matt Fraction,,0
2010-11.csv,2010-11,17,X-Men,5,3.99,Marvel,56651,Victor Gischler,8.2,0
2010-11.csv,2010-11,28,X-Men Legacy,242,2.99,Marvel,43750,Mike Carey,,0
2010-12.csv,2010-12,14,Uncanny X-Men,531,3.99,Marvel,55770,Matt Fraction,,0
2010-12.csv,2010-12,19,X-Men,6,3.99,Marvel,53005,Victor Gischler,4,0
2010-12.csv,2010-12,29,X-Men Legacy,243,2.99,Marvel,41797,Mike Carey,,0
2011-01.csv,2011-01,12,Uncanny X-Men,532,3.99,Marvel,54071,Matt Fraction,,0
2011-01.csv,2011-01,6,X-Men,7,3.99,Marvel,64615,Victor Gischler,6.5,0
2011-01.csv,2011-01,24,X-Men Legacy,244,2.99,Marvel,40193,Mike Carey,,0
2011-02.csv,2011-02,25,Astonishing X-Men,36,3.99,Marvel,44326,Daniel Way,,0
2011-02.csv,2011-02,13,Uncanny X-Men,533,3.99,Marvel,53834,Matt Fraction,,0
2011-02.csv,2011-02,19,X-Men,8,3.99,Marvel,49522,Victor Gischler,6.6,0
2011-02.csv,2011-02,11,X-Men Legacy,245,2.99,Marvel,53888,Mike Carey,,0
2011-03.csv,2011-03,19,Uncanny X-Men,534,3.99,Marvel,55731,Kieron Gillen,,0
2011-03.csv,2011-03,24,X-Men,9,3.99,Marvel,51179,Victor Gischler,6.5,0
2011-03.csv,2011-03,27,X-Men Legacy,246,2.99,Marvel,47893,Mike Carey,,0
2011-04.csv,2011-04,16,Uncanny X-Men,535,3.99,Marvel,56795,Kieron Gillen,,0
2011-04.csv,2011-04,21,Uncanny X-Men,536,3.99,Marvel,53502,Kieron Gillen,,0
2011-04.csv,2011-04,28,X-Men,10,3.99,Marvel,50553,Victor Gischler,2.2,0
2011-04.csv,2011-04,23,X-Men Legacy,247,2.99,Marvel,51970,Mike Carey,,0
2011-05.csv,2011-05,37,Astonishing X-Men,37,3.99,Marvel,38513,Daniel Way,,0
2011-05.csv,2011-05,39,Astonishing X-Men,38,3.99,Marvel,37580,Christos Gage,,0
2011-05.csv,2011-05,16,Uncanny X-Men,537,3.99,Marvel,53716,Kieron Gillen,,0
2011-05.csv,2011-05,26,X-Men,11,3.99,Marvel,46519,Victor Gischler,6.4,0
2011-05.csv,2011-05,27,X-Men Legacy,248,2.99,Marvel,46083,Mike Carey,,0
2011-05.csv,2011-05,28,X-Men Legacy,249,2.99,Marvel,45063,Mike Carey,,0
2011-06.csv,2011-06,39,Astonishing X-Men,39,3.99,Marvel,37127,Daniel Way,,1
2011-06.csv,2011-06,11,Uncanny X-Men,539,3.99,Marvel,54284,Kieron Gillen,,1
2011-06.csv,2011-06,13,Uncanny X-Men,538,3.99,Marvel,53319,Kieron Gillen,,1
2011-06.csv,2011-06,21,X-Men,12,3.99,Marvel,45786,Christopher Yost,4.6,1
2011-06.csv,2011-06,26,X-Men,13,3.99,Marvel,44665,Christopher Yost,9,1
2011-06.csv,2011-06,24,X-Men Legacy,250,4.99,Marvel,45070,Mike Carey,,1
2011-06.csv,2011-06,27,X-Men Legacy,251,2.99,Marvel,43479,Mike Carey,,1
2011-07.csv,2011-07,46,Astonishing X-Men,40,3.99,Marvel,35593,Christos Gage,,1
2011-07.csv,2011-07,15,Uncanny X-Men,540,3.99,Marvel,57206,Kieron Gillen,,1
2011-07.csv,2011-07,17,Uncanny X-Men,541,3.99,Marvel,55856,Kieron Gillen,,1
2011-07.csv,2011-07,29,X-Men,14,3.99,Marvel,45150,Christopher Yost,9.4,1
2011-07.csv,2011-07,33,X-Men,15,3.99,Marvel,43038,Christopher Yost,6.2,1
2011-07.csv,2011-07,36,X-Men Legacy,252,2.99,Marvel,41365,Mike Carey,,1
2011-08.csv,2011-08,50,Astonishing X-Men,41,3.99,Marvel,33470,Daniel Way,,1
2011-08.csv,2011-08,11,Uncanny X-Men,542,3.99,Marvel,54840,Kieron Gillen,,1
2011-08.csv,2011-08,28,X-Men,16,3.99,Marvel,43161,Victor Gischler,7.2,1
2011-08.csv,2011-08,33,X-Men Legacy,253,2.99,Marvel,40466,Mike Carey,,1
2011-08.csv,2011-08,36,X-Men Legacy,254,2.99,Marvel,39896,Mike Carey,,1
2011-09.csv,2011-09,84,Astonishing X-Men,42,3.99,Marvel,32700,Christos Gage,,1
2011-09.csv,2011-09,25,Uncanny X-Men,543,3.99,Marvel,58326,Kieron Gillen,,1
2011-09.csv,2011-09,51,X-Men,17,3.99,Marvel,43200,Victor Gischler,7.5,1
2011-09.csv,2011-09,55,X-Men,18,3.99,Marvel,42066,Victor Gischler,6.9,1
2011-09.csv,2011-09,66,X-Men Legacy,255,2.99,Marvel,39284,Mike Carey,,1
2011-09.csv,2011-09,67,X-Men Legacy,256,2.99,Marvel,38680,Mike Carey,,1
2011-10.csv,2011-10,72,Astonishing X-Men,43,3.99,Marvel,32620,James Asmus,,0
2011-10.csv,2011-10,22,Uncanny X-Men,544,3.99,Marvel,60212,Kieron Gillen,,0
2011-10.csv,2011-10,8,Wolverine And X-Men,1,3.99,Marvel,95855,Jason Aaron,8.4,0
2011-10.csv,2011-10,51,X-Men,19,3.99,Marvel,40906,Victor Gischler,6.9,0
2011-10.csv,2011-10,61,X-Men Legacy,257,2.99,Marvel,38070,Mike Carey,,0
2011-11.csv,2011-11,65,Astonishing X-Men,44,3.99,Marvel,32729,Greg Pak,,0
2011-11.csv,2011-11,7,Uncanny X-Men,1,3.99,Marvel,109911,Kieron Gillen,7.7,0
2011-11.csv,2011-11,16,Uncanny X-Men,2,3.99,Marvel,72485,Kieron Gillen,7.3,0
2011-11.csv,2011-11,10,Wolverine And X-Men,2,3.99,Marvel,83356,Jason Aaron,8.1,0
2011-11.csv,2011-11,46,X-Men,20,3.99,Marvel,43515,Victor Gischler,8.4,0
2011-11.csv,2011-11,53,X-Men,21,3.99,Marvel,39919,Victor Gischler,6.7,0
2011-11.csv,2011-11,49,X-Men Legacy,259,2.99,Marvel,41967,Mike Carey,,0
2011-11.csv,2011-11,57,X-Men Legacy,258,2.99,Marvel,38334,Mike Carey,,0
2011-12.csv,2011-12,60,Astonishing X-Men,45,3.99,Marvel,31392,Greg Pak,,0
2011-12.csv,2011-12,12,Uncanny X-Men,3,3.99,Marvel,64112,Kieron Gillen,6.3,0
2011-12.csv,2011-12,15,Wolverine And X-Men,3,3.99,Marvel,58438,Jason Aaron,8.2,0
2011-12.csv,2011-12,44,X-Men,22,3.99,Marvel,39121,Victor Gischler,6.9,0
2011-12.csv,2011-12,49,X-Men Legacy,260,2.99,Marvel,37946,Mike Carey,,0
2012-01.csv,2012-01,60,Astonishing X-Men,46,3.99,Marvel,31134,Greg Pak,,0
2012-01.csv,2012-01,11,Uncanny X-Men,5,3.99,Marvel,63477,Kieron Gillen,8.1,0
2012-01.csv,2012-01,12,Uncanny X-Men,4,3.99,Marvel,63175,Kieron Gillen,7.1,0
2012-01.csv,2012-01,13,Wolverine And X-Men,4,3.99,Marvel,59530,Jason Aaron,8.6,0
2012-01.csv,2012-01,44,X-Men,23,3.99,Marvel,38719,Victor Gischler,6.8,0
2012-01.csv,2012-01,47,X-Men Legacy,261,2.99,Marvel,37577,Christos Gage,,0
2012-02.csv,2012-02,67,Astonishing X-Men,47,3.99,Marvel,30490,Greg Pak,,0
2012-02.csv,2012-02,11,Uncanny X-Men,6,3.99,Marvel,59834,Kieron Gillen,7.3,0
2012-02.csv,2012-02,12,Uncanny X-Men,7,3.99,Marvel,59200,Kieron Gillen,6.8,0
2012-02.csv,2012-02,13,Wolverine And X-Men,5,3.99,Marvel,55788,Jason Aaron,8.6,0
2012-02.csv,2012-02,14,Wolverine And X-Men,6,3.99,Marvel,55341,Jason Aaron,9,0
2012-02.csv,2012-02,47,X-Men,24,3.99,Marvel,36906,Victor Gischler,5.8,0
2012-02.csv,2012-02,48,X-Men,25,3.99,Marvel,36488,Victor Gischler,7.3,0
2012-02.csv,2012-02,49,X-Men Legacy,262,2.99,Marvel,36461,Christos Gage,,0
2012-03.csv,2012-03,52,Astonishing X-Men,48,3.99,Marvel,34182,Marjorie Liu,,0
2012-03.csv,2012-03,14,Uncanny X-Men,8,3.99,Marvel,57568,Kieron Gillen,5.9,0
2012-03.csv,2012-03,16,Uncanny X-Men,9,3.99,Marvel,56976,Kieron Gillen,7,0
2012-03.csv,2012-03,19,Wolverine And X-Men,7,3.99,Marvel,54559,Jason Aaron,8.5,0
2012-03.csv,2012-03,47,X-Men,26,3.99,Marvel,35833,Victor Gischler,5.4,0
2012-03.csv,2012-03,45,X-Men Legacy,263,2.99,Marvel,35999,Christos Gage,,0
2012-03.csv,2012-03,46,X-Men Legacy,264,2.99,Marvel,35953,Christos Gage,,0
2012-04.csv,2012-04,65,Astonishing X-Men,49,3.99,Marvel,31291,Marjorie Liu,,0
2012-04.csv,2012-04,9,Uncanny X-Men,11,3.99,Marvel,69875,Kieron Gillen,7.2,0
2012-04.csv,2012-04,20,Uncanny X-Men,10,3.99,Marvel,56906,Kieron Gillen,7.4,0
2012-04.csv,2012-04,11,Wolverine And X-Men,9,3.99,Marvel,64984,Jason Aaron,7.2,0
2012-04.csv,2012-04,21,Wolverine And X-Men,8,3.99,Marvel,53757,Jason Aaron,7.8,0
2012-04.csv,2012-04,49,X-Men,27,3.99,Marvel,36843,Victor Gischler,7,0
2012-04.csv,2012-04,51,X-Men Legacy,265,2.99,Marvel,35712,Christos Gage,,0
2012-05.csv,2012-05,27,Astonishing X-Men,50,3.99,Marvel,57931,Marjorie Liu,,0
2012-05.csv,2012-05,14,Uncanny X-Men,12,3.99,Marvel,69265,Kieron Gillen,6.1,0
2012-05.csv,2012-05,16,Wolverine And X-Men,11,3.99,Marvel,64936,Jason Aaron,7.3,0
2012-05.csv,2012-05,18,Wolverine And X-Men,10,3.99,Marvel,63650,Jason Aaron,7.6,0
2012-05.csv,2012-05,61,X-Men,28,3.99,Marvel,35838,Victor Gischler,7.5,0
2012-05.csv,2012-05,64,X-Men,29,3.99,Marvel,35483,Victor Gischler,6.5,0
2012-05.csv,2012-05,37,X-Men Legacy,267,2.99,Marvel,46279,Christos Gage,,0
2012-05.csv,2012-05,42,X-Men Legacy,266,2.99,Marvel,43199,Christos Gage,,0
2012-06.csv,2012-06,12,Astonishing X-Men,51,3.99,Marvel,82654,Marjorie Liu,,0
2012-06.csv,2012-06,17,Uncanny X-Men,13,3.99,Marvel,70521,Kieron Gillen,7.8,0
2012-06.csv,2012-06,21,Uncanny X-Men,14,3.99,Marvel,67793,Kieron Gillen,7.9,0
2012-06.csv,2012-06,24,Wolverine And X-Men,12,3.99,Marvel,64838,Jason Aaron,6.9,0
2012-06.csv,2012-06,56,X-Men,30,3.99,Marvel,37690,Brian Wood,8.1,0
2012-06.csv,2012-06,60,X-Men,31,3.99,Marvel,35789,Brian Wood,8.5,0
2012-06.csv,2012-06,34,X-Men Legacy,268,2.99,Marvel,49163,Christos Gage,,0
2012-06.csv,2012-06,39,X-Men Legacy,269,2.99,Marvel,46923,Christos Gage,,0
2012-07.csv,2012-07,57,Astonishing X-Men,52,3.99,Marvel,35766,Marjorie Liu,,0
2012-07.csv,2012-07,14,Uncanny X-Men,15,3.99,Marvel,66114,Kieron Gillen,7.9,0
2012-07.csv,2012-07,16,Uncanny X-Men,16,3.99,Marvel,63835,Kieron Gillen,7.4,0
2012-07.csv,2012-07,20,Wolverine And X-Men,13,3.99,Marvel,62689,Jason Aaron,7.6,0
2012-07.csv,2012-07,22,Wolverine And X-Men,14,3.99,Marvel,61029,Jason Aaron,7.3,0
2012-07.csv,2012-07,59,X-Men,32,3.99,Marvel,35091,Brian Wood,7.9,0
2012-07.csv,2012-07,37,X-Men Legacy,270,2.99,Marvel,44914,Christos Gage,,0
2012-08.csv,2012-08,71,Astonishing X-Men,53,3.99,Marvel,32268,Marjorie Liu,,0
2012-08.csv,2012-08,20,Uncanny X-Men,17,3.99,Marvel,61095,Kieron Gillen,7.8,0
2012-08.csv,2012-08,24,Wolverine And X-Men,15,3.99,Marvel,58441,Jason Aaron,7.6,0
2012-08.csv,2012-08,67,X-Men,33,3.99,Marvel,33695,Brian Wood,8.8,0
2012-08.csv,2012-08,68,X-Men,34,3.99,Marvel,33354,Brian Wood,8,0
2012-08.csv,2012-08,53,X-Men Legacy,271,2.99,Marvel,37206,Christos Gage,,0
2012-08.csv,2012-08,54,X-Men Legacy,272,2.99,Marvel,37120,Christos Gage,,0
2012-09.csv,2012-09,74,Astonishing X-Men,54,3.99,Marvel,30225,Marjorie Liu,,0
2012-09.csv,2012-09,13,Uncanny X-Men,18,3.99,Marvel,59794,Kieron Gillen,7.8,0
2012-09.csv,2012-09,19,Wolverine And X-Men,16,3.99,Marvel,55857,Jason Aaron,6.9,0
2012-09.csv,2012-09,21,Wolverine And X-Men,17,3.99,Marvel,54768,Jason Aaron,8.7,0
2012-09.csv,2012-09,62,X-Men,35,3.99,Marvel,32049,Brian Wood,7,0
2012-09.csv,2012-09,63,X-Men,36,3.99,Marvel,31996,Brian Wood,8.8,0
2012-09.csv,2012-09,50,X-Men Legacy,273,2.99,Marvel,36020,Christos Gage,,0
2012-09.csv,2012-09,54,X-Men Legacy,274,2.99,Marvel,35168,Christos Gage,,0
2012-10.csv,2012-10,88,Astonishing X-Men,55,3.99,Marvel,29060,Marjorie Liu,,0
2012-10.csv,2012-10,13,Uncanny X-Men,20,3.99,Marvel,65981,Kieron Gillen,8.2,0
2012-10.csv,2012-10,21,Uncanny X-Men,19,3.99,Marvel,59283,Kieron Gillen,6.7,0
2012-10.csv,2012-10,30,Wolverine And X-Men,18,3.99,Marvel,52331,Jason Aaron,7.8,0
2012-10.csv,2012-10,37,Wolverine And X-Men,19,3.99,Marvel,50008,Jason Aaron,8.8,0
2012-10.csv,2012-10,81,X-Men,37,3.99,Marvel,31611,Brian Wood,9,0
2012-10.csv,2012-10,55,X-Men Legacy,275,2.99,Marvel,38726,Christos Gage,,0
2012-11.csv,2012-11,1,All New X-Men,1,3.99,Marvel,181693,Brian Michael Bendis,8.1,0
2012-11.csv,2012-11,11,All New X-Men,2,3.99,Marvel,96436,Brian Michael Bendis,8.5,0
2012-11.csv,2012-11,81,Astonishing X-Men,56,3.99,Marvel,27583,Marjorie Liu,,0
2012-11.csv,2012-11,46,Wolverine And X-Men,20,3.99,Marvel,48432,Jason Aaron,6.2,0
2012-11.csv,2012-11,48,Wolverine And X-Men,21,3.99,Marvel,48244,Jason Aaron,7.3,0
2012-11.csv,2012-11,75,X-Men,38,3.99,Marvel,30289,Seth Peck,7.7,0
2012-12.csv,2012-12,9,All New X-Men,3,3.99,Marvel,83798,Brian Michael Bendis,7.6,0
2012-12.csv,2012-12,11,All New X-Men,4,3.99,Marvel,80665,Brian Michael Bendis,8.2,0
2012-12.csv,2012-12,82,Astonishing X-Men,57,3.99,Marvel,26263,Marjorie Liu,,0
2012-12.csv,2012-12,47,Wolverine And X-Men,22,3.99,Marvel,45658,Jason Aaron,7.3,0
2012-12.csv,2012-12,72,X-Men,39,3.99,Marvel,29326,Seth Peck,7.9,0
2013-01.csv,2013-01,13,All New X-Men,6,3.99,Marvel,80195,Brian Michael Bendis,8.7,0
2013-01.csv,2013-01,15,All New X-Men,5,3.99,Marvel,76007,Brian Michael Bendis,8.2,0
2013-01.csv,2013-01,81,Astonishing X-Men,58,3.99,Marvel,25159,Marjorie Liu,,0
2013-01.csv,2013-01,40,Wolverine And X-Men,24,3.99,Marvel,44716,Jason Aaron,7.4,0
2013-01.csv,2013-01,44,Wolverine And X-Men,23,3.99,Marvel,43963,Jason Aaron,7.4,0
2013-01.csv,2013-01,74,X-Men,40,3.99,Marvel,28515,Seth Peck,,0
2013-02.csv,2013-02,11,All New X-Men,7,3.99,Marvel,85234,Brian Michael Bendis,8.1,0
2013-02.csv,2013-02,88,Astonishing X-Men,59,3.99,Marvel,24195,Marjorie Liu,,0
2013-02.csv,2013-02,2,Uncanny X-Men,1,3.99,Marvel,177463,Brian Michael Bendis,7.8,0
2013-02.csv,2013-02,7,Uncanny X-Men,2,3.99,Marvel,94615,Brian Michael Bendis,7.4,0
2013-02.csv,2013-02,41,Wolverine And X-Men,25,3.99,Marvel,45057,Jason Aaron,7.3,0
2013-02.csv,2013-02,66,X-Men,41,3.99,Marvel,32488,Seth Peck,5.9,0
2013-03.csv,2013-03,10,All New X-Men,8,3.99,Marvel,90990,Brian Michael Bendis,8.3,0
2013-03.csv,2013-03,16,All New X-Men,9,3.99,Marvel,81695,Brian Michael Bendis,8.3,0
2013-03.csv,2013-03,88,Astonishing X-Men,60,3.99,Marvel,27683,Marjorie Liu,,0
2013-03.csv,2013-03,13,Uncanny X-Men,3,3.99,Marvel,85775,Brian Michael Bendis,8.4,0
2013-03.csv,2013-03,52,Wolverine and X-Men,26,3.99,Marvel,42019,Jason Aaron,6.1,0
2013-03.csv,2013-03,53,Wolverine and X-Men,27,3.99,Marvel,41960,Jason Aaron,7.2,0
2013-04.csv,2013-04,13,All New X-Men,10,3.99,Marvel,84760,Brian Michael Bendis,8,0
2013-04.csv,2013-04,81,Astonishing X-Men,61,3.99,Marvel,27090,Marjorie Liu,,0
2013-04.csv,2013-04,15,Uncanny X-Men,4,3.99,Marvel,80047,Brian Michael Bendis,7.2,0
2013-04.csv,2013-04,16,Uncanny X-Men,5,3.99,Marvel,78919,Brian Michael Bendis,7.9,0
2013-04.csv,2013-04,44,Wolverine And X-Men,28,3.99,Marvel,42718,Jason Aaron,7.8,0
2013-05.csv,2013-05,9,All New X-Men,11,3.99,Marvel,80582,Brian Michael Bendis,8.3,0
2013-05.csv,2013-05,97,Astonishing X-Men,62,3.99,Marvel,24121,Marjorie Liu,,0
2013-05.csv,2013-05,16,Uncanny X-Men,6,3.99,Marvel,73621,Brian Michael Bendis,7.7,0
2013-05.csv,2013-05,51,Wolverine And X-Men,29,3.99,Marvel,40451,Jason Aaron,8.6,0
2013-05.csv,2013-05,52,Wolverine And X-Men,30,3.99,Marvel,40019,Jason Aaron,7.7,0
2013-05.csv,2013-05,1,X-Men,1,3.99,Marvel,177633,Brian Wood,8.5,0
2013-06.csv,2013-06,9,All New X-Men,12,3.99,Marvel,82178,Brian Michael Bendis,8.3,0
2013-06.csv,2013-06,11,All New X-Men,13,3.99,Marvel,77656,Brian Michael Bendis,8.4,0
2013-06.csv,2013-06,97,Astonishing X-Men,63,3.99,Marvel,23326,Marjorie Liu,,0
2013-06.csv,2013-06,15,Uncanny X-Men,7,3.99,Marvel,73719,Brian Michael Bendis,7.7,0
2013-06.csv,2013-06,49,Wolverine and X-Men,31,3.99,Marvel,41661,Jason Aaron,8.1,0
2013-06.csv,2013-06,53,Wolverine and X-Men,32,3.99,Marvel,39790,Jason Aaron,7.8,0
2013-06.csv,2013-06,17,X-Men,2,3.99,Marvel,73542,Brian Wood,8,0
2013-07.csv,2013-07,11,All New X-Men,14,3.99,Marvel,74848,Brian Michael Bendis,8.4,1
2013-07.csv,2013-07,108,Astonishing X-Men,64,3.99,Marvel,22649,Marjorie Liu,,1
2013-07.csv,2013-07,15,Uncanny X-Men,8,3.99,Marvel,70274,Brian Michael Bendis,7.6,1
2013-07.csv,2013-07,19,Uncanny X-Men,9,3.99,Marvel,67338,Brian Michael Bendis,7.6,1
2013-07.csv,2013-07,44,Wolverine And X-Men,33,3.99,Marvel,42269,Jason Aaron,8,1
2013-07.csv,2013-07,20,X-Men,3,3.99,Marvel,65270,Brian Wood,7.7,1
2013-08.csv,2013-08,10,All New X-Men,15,3.99,Marvel,73035,Brian Michael Bendis,7.2,1
2013-08.csv,2013-08,95,Astonishing X-Men,65,3.99,Marvel,22010,Marjorie Liu,,1
2013-08.csv,2013-08,97,Astonishing X-Men,66,3.99,Marvel,21757,Marjorie Liu,,1
2013-08.csv,2013-08,11,Uncanny X-Men,10,3.99,Marvel,70903,Brian Michael Bendis,7.7,1
2013-08.csv,2013-08,14,Uncanny X-Men,11,3.99,Marvel,65700,Brian Michael Bendis,8,1
2013-08.csv,2013-08,45,Wolverine and X-Men,34,3.99,Marvel,38473,Jason Aaron,7.7,1
2013-08.csv,2013-08,47,Wolverine and X-Men,35,3.99,Marvel,38046,Jason Aaron,7.6,1
2013-08.csv,2013-08,17,X-Men,4,3.99,Marvel,64010,Brian Wood,7.8,1
2013-09.csv,2013-09,12,All New X-Men,16,3.99,Marvel,84218,Brian Michael Bendis,8.4,1
2013-09.csv,2013-09,148,Astonishing X-Men,67,3.99,Marvel,21044,Marjorie Liu,,1
2013-09.csv,2013-09,16,Uncanny X-Men,12,3.99,Marvel,76790,Brian Michael Bendis,7.4,1
2013-09.csv,2013-09,25,Wolverine And X-Men,36,3.99,Marvel,59684,Jason Aaron,7.7,1
2013-09.csv,2013-09,18,X-Men,5,3.99,Marvel,73357,Brian Wood,7.6,1
2013-10.csv,2013-10,12,All New X-Men,17,3.99,Marvel,82843,Brian Michael Bendis,7.7,1
2013-10.csv,2013-10,127,Astonishing X-Men,68,3.99,Marvel,21023,Marjorie Liu,,1
2013-10.csv,2013-10,14,Uncanny X-Men,13,3.99,Marvel,75202,Brian Michael Bendis,7.1,1
2013-10.csv,2013-10,25,Wolverine and X-Men,37,3.99,Marvel,57434,Jason Aaron,6.5,1
2013-10.csv,2013-10,16,X-Men,6,3.99,Marvel,71990,Brian Wood,8.1,1
2013-11.csv,2013-11,7,All New X-Men,18,3.99,Marvel,82365,Brian Michael Bendis,8.2,1
2013-11.csv,2013-11,11,All New X-Men,19,3.99,Marvel,71044,Brian Michael Bendis,7.1,1
2013-11.csv,2013-11,3,Amazing X-Men,1,3.99,Marvel,112337,Jason Aaron,8,1
2013-11.csv,2013-11,16,Uncanny X-Men,14,3.99,Marvel,65655,Brian Michael Bendis,8.1,1
2013-11.csv,2013-11,46,Wolverine And X-Men,38,3.99,Marvel,39098,Jason Aaron,7.9,1
2013-11.csv,2013-11,23,X-Men,7,3.99,Marvel,56968,Brian Wood,7.5,1
2013-12.csv,2013-12,13,All New X-Men,20,3.99,Marvel,68189,Brian Michael Bendis,7.3,0
2013-12.csv,2013-12,19,Amazing X-Men,2,3.99,Marvel,60870,Jason Aaron,7.6,0
2013-12.csv,2013-12,17,Uncanny X-Men,15,3.99,Marvel,62692,Brian Michael Bendis,7.1,0
2013-12.csv,2013-12,43,Wolverine And X-Men,39,3.99,Marvel,39063,Jason Aaron,8.3,0
2013-12.csv,2013-12,30,X-Men,8,3.99,Marvel,53201,Brian Wood,7.6,0
2014-01.csv,2014-01,14,All New X-Men,21,3.99,Marvel,62876,Brian Michael Bendis,7.2,0
2014-01.csv,2014-01,6,All New X-Men,22,3.99,Marvel,76565,Brian Michael Bendis,7.8,0
2014-01.csv,2014-01,24,Amazing X-Men,3,3.99,Marvel,51431,Jason Aaron,7.8,0
2014-01.csv,2014-01,17,Uncanny X-Men,16,3.99,Marvel,58676,Brian Michael Bendis,8.5,0
2014-01.csv,2014-01,45,Wolverine and X-Men,40,3.99,Marvel,36855,Jason Aaron,9,0
2014-01.csv,2014-01,25,X-Men,9,3.99,Marvel,49412,Brian Wood,7.4,0
2014-02.csv,2014-02,10,All New X-Men,23,3.99,Marvel,64625,Brian Michael Bendis,8.1,0
2014-02.csv,2014-02,26,Amazing X-Men,4,3.99,Marvel,48161,Jason Aaron,8.4,0
2014-02.csv,2014-02,16,Uncanny X-Men,17,3.99,Marvel,56163,Brian Michael Bendis,6.8,0
2014-02.csv,2014-02,46,Wolverine And X-Men,41,3.99,Marvel,35800,Jason Aaron,7.6,0
2014-02.csv,2014-02,50,Wolverine and X-Men,42,4.99,Marvel,35392,Jason Aaron,7.9,0
2014-02.csv,2014-02,21,X-Men,10,3.99,Marvel,52486,Brian Wood,6.7,0
2014-02.csv,2014-02,27,X-Men,11,3.99,Marvel,47498,Brian Wood,7.3,0
2014-03.csv,2014-03,12,All New X-Men,24,3.99,Marvel,63739,Brian Michael Bendis,8.1,0
2014-03.csv,2014-03,30,Amazing X-Men,5,3.99,Marvel,46242,Jason Aaron,8.1,0
2014-03.csv,2014-03,10,Uncanny X-Men,19,3.99,Marvel,64514,Brian Michael Bendis,6.7,0
2014-03.csv,2014-03,20,Uncanny X-Men,18,3.99,Marvel,54902,Brian Michael Bendis,7.6,0
2014-03.csv,2014-03,21,Wolverine and X-Men,1,3.99,Marvel,54675,Jason Latour,6.9,0
2014-03.csv,2014-03,40,Wolverine and X-Men,2,3.99,Marvel,40386,Jason Latour,6.4,0
2014-03.csv,2014-03,34,X-Men,12,3.99,Marvel,44135,Brian Wood,5.6,0
2014-04.csv,2014-04,14,All New X-Men,25,4.99,Marvel,63827,Brian Michael Bendis,7.2,0
2014-04.csv,2014-04,17,All New X-Men,26,3.99,Marvel,58918,Brian Michael Bendis,8.5,0
2014-04.csv,2014-04,37,Amazing X-Men,6,3.99,Marvel,45095,Jason Aaron,7.3,0
2014-04.csv,2014-04,22,Uncanny X-Men,20,3.99,Marvel,55359,Brian Michael Bendis,7.4,0
2014-04.csv,2014-04,57,Wolverine And X-Men,3,3.99,Marvel,36407,Jason Latour,6.7,0
2014-04.csv,2014-04,42,X-Men,13,3.99,Marvel,42065,Brian Wood,8.2,0
2014-05.csv,2014-05,16,All New X-Men,27,3.99,Marvel,62269,Brian Michael Bendis,8,1
2014-05.csv,2014-05,43,Amazing X-Men,7,3.99,Marvel,42512,Kathryn Immonen,7.6,1
2014-05.csv,2014-05,23,Uncanny X-Men,21,3.99,Marvel,54747,Brian Michael Bendis,7.3,1
2014-05.csv,2014-05,64,Wolverine And X-Men,4,3.99,Marvel,33521,Jason Latour,6.3,1
2014-05.csv,2014-05,49,X-Men,14,3.99,Marvel,39499,Brian Wood,8.4,1
2014-06.csv,2014-06,18,All New X-Men,28,3.99,Marvel,57135,Brian Michael Bendis,8,1
2014-06.csv,2014-06,46,Amazing X-Men,8,3.99,Marvel,41613,Craig Kyle,6.6,1
2014-06.csv,2014-06,26,Uncanny X-Men,22,3.99,Marvel,52731,Brian Michael Bendis,7.2,1
2014-06.csv,2014-06,68,Wolverine and X-Men,5,3.99,Marvel,32511,Jason Latour,8,1
2014-06.csv,2014-06,51,X-Men,15,3.99,Marvel,38271,Brian Wood,8,1
2014-07.csv,2014-07,26,All New X-Men,29,3.99,Marvel,58817,Brian Michael Bendis,8,1
2014-07.csv,2014-07,63,Amazing X-Men,9,3.99,Marvel,40562,Craig Kyle,7.1,1
2014-07.csv,2014-07,31,Uncanny X-Men,23,3.99,Marvel,55738,Brian Michael Bendis,7,1
2014-07.csv,2014-07,34,Uncanny X-Men,24,3.99,Marvel,53677,Brian Michael Bendis,7.2,1
2014-07.csv,2014-07,92,Wolverine And X-Men,6,3.99,Marvel,32995,Jason Latour,3.9,1
2014-07.csv,2014-07,70,X-Men,16,3.99,Marvel,38937,Brian Wood,7.7,1
2014-07.csv,2014-07,83,X-Men,17,3.99,Marvel,36255,Brian Wood,6.7,1
2014-08.csv,2014-08,12,All New X-Men,31,3.99,Marvel,58535,Brian Michael Bendis,7.3,1
2014-08.csv,2014-08,22,All New X-Men,30,3.99,Marvel,54882,Brian Michael Bendis,7.7,1
2014-08.csv,2014-08,55,Amazing X-Men,10,3.99,Marvel,36405,Craig Kyle,7,1
2014-08.csv,2014-08,72,Wolverine And X-Men,7,3.99,Marvel,30409,Jason Latour,8,1
2014-08.csv,2014-08,73,Wolverine And X-Men,8,3.99,Marvel,29795,Jason Latour,5.7,1
2014-08.csv,2014-08,57,X-Men,18,3.99,Marvel,35543,Marc Guggenheim,7.2,1
2014-09.csv,2014-09,39,All New X-Men,32,3.99,Marvel,54654,Brian Michael Bendis,7.2,1
2014-09.csv,2014-09,85,Amazing X-Men,11,3.99,Marvel,34552,Craig Kyle,7.5,1
2014-09.csv,2014-09,28,Uncanny X-Men,25,4.99,Marvel,58062,Brian Michael Bendis,6.9,1
2014-09.csv,2014-09,45,Uncanny X-Men,26,3.99,Marvel,51862,Brian Michael Bendis,7.3,1
2014-09.csv,2014-09,97,Wolverine And X-Men,9,3.99,Marvel,28965,Jason Latour,7,1
2014-09.csv,2014-09,88,X-Men,19,3.99,Marvel,33737,Marc Guggenheim,8.9,1
2014-10.csv,2014-10,21,All New X-Men,33,3.99,Marvel,60032,Brian Michael Bendis,7,1
2014-10.csv,2014-10,90,Amazing X-Men,12,3.99,Marvel,32966,Craig Kyle,5.1,1
2014-10.csv,2014-10,23,Uncanny X-Men,27,3.99,Marvel,57908,Brian Michael Bendis,7.3,1
2014-10.csv,2014-10,102,Wolverine and X-Men,11,3.99,Marvel,28121,Jason Latour,,1
2014-10.csv,2014-10,103,Wolverine and X-Men,10,4.99,Marvel,28108,Jason Latour,,1
2014-10.csv,2014-10,89,X-Men,20,3.99,Marvel,33004,Marc Guggenheim,6.7,1
2014-11.csv,2014-11,57,Amazing X-Men,13,3.99,Marvel,36338,James Tynion IV,8,0
2014-11.csv,2014-11,21,Uncanny X-Men,28,3.99,Marvel,55939,Brian Michael Bendis,7.5,0
2014-11.csv,2014-11,83,Wolverine and X-Men,12,3.99,Marvel,28457,Jason Latour,,0
2014-11.csv,2014-11,78,X-Men,21,3.99,Marvel,31468,Marc Guggenheim,6.4,0
2014-12.csv,2014-12,18,All New X-Men,34,3.99,Marvel,57569,Brian Michael Bendis,7.3,0
2014-12.csv,2014-12,76,Amazing X-Men,14,3.99,Marvel,31468,Christopher Yost,,0
2014-12.csv,2014-12,21,Uncanny X-Men,29,3.99,Marvel,53502,Brian Michael Bendis,7.4,0
2014-12.csv,2014-12,82,X-Men,22,3.99,Marvel,30200,Marc Guggenheim,8.2,0
2015-01.csv,2015-01,12,All New X-Men,35,3.99,Marvel,51823,Brian Michael Bendis,7.7,0
2015-01.csv,2015-01,66,Amazing X-Men,15,3.99,Marvel,29868,Christopher Yost,7.1,0
2015-01.csv,2015-01,71,Amazing X-Men,16,3.99,Marvel,28416,Christopher Yost,2.8,0
2015-01.csv,2015-01,18,Uncanny X-Men,30,3.99,Marvel,48824,Brian Michael Bendis,7.1,0
2015-01.csv,2015-01,67,X-Men,23,3.99,Marvel,29650,G. Willow Wilson,7.3,0
2015-02.csv,2015-02,18,All New X-Men,38,3.99,Marvel,58037,Brian Michael Bendis,7.1,0
2015-02.csv,2015-02,24,All New X-Men,36,3.99,Marvel,49464,Brian Michael Bendis,7,0
2015-02.csv,2015-02,79,Amazing X-Men,17,3.99,Marvel,27513,Christopher Yost,7,0
2015-02.csv,2015-02,27,Uncanny X-Men,31,3.99,Marvel,46993,Brian Michael Bendis,7.1,0
2015-02.csv,2015-02,78,X-Men,24,3.99,Marvel,28414,G. Willow Wilson,7,0
2015-03.csv,2015-03,19,All New X-Men,39,3.99,Marvel,58490,Brian Michael Bendis,7.5,0
2015-03.csv,2015-03,28,All New X-Men,37,3.99,Marvel,48140,Brian Michael Bendis,8.4,0
2015-03.csv,2015-03,85,Amazing X-Men,18,3.99,Marvel,27058,Christopher Yost,7.5,0
2015-03.csv,2015-03,26,Uncanny X-Men,32,3.99,Marvel,49639,Brian Michael Bendis,7.6,0
2015-03.csv,2015-03,64,X-Men,25,3.99,Marvel,30876,G. Willow Wilson,6.3,0
2015-04.csv,2015-04,35,All New X-Men,40,3.99,Marvel,50770,Brian Michael Bendis,7.4,0
2015-04.csv,2015-04,111,Amazing X-Men,19,3.99,Marvel,26859,Christopher Yost,6.8,0
2015-04.csv,2015-04,38,Uncanny X-Men,33,3.99,Marvel,49278,Brian Michael Bendis,7.3,0
2015-04.csv,2015-04,107,X-Men,26,3.99,Marvel,27640,G. Willow Wilson,8.7,0
2015-05.csv,2015-05,38,Uncanny X-Men,34,3.99,Marvel,45267,Brian Michael Bendis,7.9,0
2015-06.csv,2015-06,39,All New X-Men,41,3.99,Marvel,48937,Brian Michael Bendis,7.4,0
2015-07.csv,2015-07,34,Uncanny X-Men,35,3.99,Marvel,48094,Brian Michael Bendis,7.2,0
2015-11.csv,2015-11,5,Extraordinary X-Men,1,4.99,Marvel,133716,Jeff Lemire,6.3,0
2015-11.csv,2015-11,24,Extraordinary X-Men,2,3.99,Marvel,64595,Jeff Lemire,7,0
2015-11.csv,2015-11,8,Uncanny X-Men,600,5.99,Marvel,126447,Brian Michael Bendis,6.2,0
2015-12.csv,2015-12,14,All New X-Men,1,3.99,Marvel,81342,Dennis Hopeless,6.6,0
2015-12.csv,2015-12,33,All New X-Men,2,3.99,Marvel,56168,Dennis Hopeless,7.2,0
2015-12.csv,2015-12,34,Extraordinary X-Men,3,3.99,Marvel,56100,Jeff Lemire,6.8,0
2015-12.csv,2015-12,45,Extraordinary X-Men,4,3.99,Marvel,49079,Jeff Lemire,7.8,0
2016-01.csv,2016-01,25,All New X-Men,3,3.99,Marvel,50557,Dennis Hopeless,7.3,0
2016-01.csv,2016-01,31,Extraordinary X-Men,6,3.99,Marvel,47572,Jeff Lemire,7.4,0
2016-01.csv,2016-01,32,Extraordinary X-Men,5,3.99,Marvel,47404,Jeff Lemire,7.1,0
2016-01.csv,2016-01,10,Uncanny X-Men,1,3.99,Marvel,93252,Cullen Bunn,6.7,0
2016-01.csv,2016-01,21,Uncanny X-Men,2,3.99,Marvel,55804,Cullen Bunn,7.2,0
2016-02.csv,2016-02,23,All New X-Men,4,3.99,Marvel,50160,Dennis Hopeless,6.6,1
2016-02.csv,2016-02,36,All New X-Men,5,3.99,Marvel,42402,Dennis Hopeless,6.9,1
2016-02.csv,2016-02,29,Extraordinary X-Men,7,3.99,Marvel,47219,Jeff Lemire,5.7,1
2016-02.csv,2016-02,22,Uncanny X-Men,3,3.99,Marvel,50382,Cullen Bunn,6.6,1
2016-03.csv,2016-03,42,All New X-Men,6,3.99,Marvel,41061,Dennis Hopeless,7.4,1
2016-03.csv,2016-03,43,All New X-Men,7,3.99,Marvel,40346,Dennis Hopeless,6.6,1
2016-03.csv,2016-03,14,Extraordinary X-Men,8,4.99,Marvel,62576,Jeff Lemire,6.5,1
2016-03.csv,2016-03,31,Uncanny X-Men,4,3.99,Marvel,46105,Cullen Bunn,6.8,1
2016-03.csv,2016-03,33,Uncanny X-Men,5,3.99,Marvel,45887,Cullen Bunn,6.4,1
2016-04.csv,2016-04,46,All New X-Men,8,3.99,Marvel,39942,Dennis Hopeless,5.9,1
2016-04.csv,2016-04,31,Extraordinary X-Men,9,3.99,Marvel,51322,Jeff Lemire,6.8,1
2016-04.csv,2016-04,25,Uncanny X-Men,6,4.99,Marvel,57434,Cullen Bunn,6,1
2016-05.csv,2016-05,22,All New X-Men,9,4.99,Marvel,51549,Dennis Hopeless,7.9,1
2016-05.csv,2016-05,24,Extraordinary X-Men,10,3.99,Marvel,50015,Jeff Lemire,7,1
2016-05.csv,2016-05,23,Uncanny X-Men,7,3.99,Marvel,50936,Cullen Bunn,6.2,1
2016-06.csv,2016-06,62,All New X-Men,10,3.99,Marvel,39978,Dennis Hopeless,6.7,1
2016-06.csv,2016-06,51,Extraordinary X-Men,11,3.99,Marvel,45532,Jeff Lemire,6.8,1
2016-06.csv,2016-06,52,Uncanny X-Men,8,3.99,Marvel,45409,Cullen Bunn,5.9,1
2016-06.csv,2016-06,54,Uncanny X-Men,9,3.99,Marvel,44617,Cullen Bunn,4.5,1
2016-07.csv,2016-07,63,All New X-Men,11,3.99,Marvel,42883,Dennis Hopeless,5.4,1
2016-07.csv,2016-07,53,Extraordinary X-Men,12,3.99,Marvel,48609,Jeff Lemire,6.2,1
2016-07.csv,2016-07,55,Uncanny X-Men,10,3.99,Marvel,48025,Cullen Bunn,4.9,1
2016-08.csv,2016-08,75,All New X-Men,12,3.99,Marvel,39289,Dennis Hopeless,7.3,0
2016-08.csv,2016-08,63,Extraordinary X-Men,13,3.99,Marvel,45037,Jeff Lemire,6,0
2016-08.csv,2016-08,68,Uncanny X-Men,11,3.99,Marvel,42779,Cullen Bunn,6,0
2016-09.csv,2016-09,78,All New X-Men,13,3.99,Marvel,34687,Dennis Hopeless,9.1,0
2016-09.csv,2016-09,70,Extraordinary X-Men,14,3.99,Marvel,39265,Jeff Lemire,7.2,0
2016-09.csv,2016-09,64,Uncanny X-Men,12,3.99,Marvel,42748,Cullen Bunn,4.7,0
2016-09.csv,2016-09,69,Uncanny X-Men,13,3.99,Marvel,39825,Cullen Bunn,7.3,0
2016-10.csv,2016-10,97,All New X-Men,14,3.99,Marvel,32629,Dennis Hopeless,8.5,0
2016-10.csv,2016-10,83,Extraordinary X-Men,15,3.99,Marvel,36941,Jeff Lemire,8.2,0
2016-10.csv,2016-10,76,Uncanny X-Men,14,3.99,Marvel,38685,Cullen Bunn,,0
2016-11.csv,2016-11,94,All New X-Men,15,3.99,Marvel,31668,Dennis Hopeless,6.1,0
2016-11.csv,2016-11,85,Extraordinary X-Men,16,3.99,Marvel,34630,Jeff Lemire,8.5,0
2016-11.csv,2016-11,77,Uncanny X-Men,15,3.99,Marvel,36946,Cullen Bunn,8,0
2016-12.csv,2016-12,96,All New X-Men,16,3.99,Marvel,29701,Dennis Hopeless,7.2,0
2016-12.csv,2016-12,77,Extraordinary X-Men,17,3.99,Marvel,35276,Jeff Lemire,9,0
2016-12.csv,2016-12,71,Uncanny X-Men,16,3.99,Marvel,37234,Cullen Bunn,7.9,0
2017-01.csv,2017-01,76,All New X-Men,17,3.99,Marvel,34143,Dennis Hopeless,8.4,0
2017-01.csv,2017-01,64,Extraordinary X-Men,18,3.99,Marvel,38052,Jeff Lemire,7.9,0
2017-01.csv,2017-01,54,Uncanny X-Men,17,3.99,Marvel,41231,Cullen Bunn,8.4,0
2017-02.csv,2017-02,78,All New X-Men,18,3.99,Marvel,30334,Dennis Hopeless,8.5,0
2017-02.csv,2017-02,68,Extraordinary X-Men,19,3.99,Marvel,32328,Jeff Lemire,6.8,0
2017-02.csv,2017-02,60,Uncanny X-Men,18,3.99,Marvel,34948,Cullen Bunn,7.8,0
2017-03.csv,2017-03,88,All New X-Men,19,3.99,Marvel,27830,Dennis Hopeless,7.1,1
2017-03.csv,2017-03,76,Extraordinary X-Men,20,3.99,Marvel,30765,Jeff Lemire,7.5,1
2017-03.csv,2017-03,68,Uncanny X-Men,19,3.99,Marvel,33318,Cullen Bunn,8.1,1
2017-04.csv,2017-04,,X-Men Blue,1,4.99,Marvel,108839,Cullen Bunn,7.8,1
2017-04.csv,2017-04,,X-Men Blue,2,3.99,Marvel,54074,Cullen Bunn,8.1,1
2017-04.csv,2017-04,3,X-Men Gold,1,3.99,Marvel,114332,Marc Guggenheim,7.7,1
2017-04.csv,2017-04,16,X-Men Gold,2,3.99,Marvel,62283,Marc Guggenheim,7,1
2017-05.csv,2017-05,29,X-Men Blue,3,3.99,Marvel,48354,Cullen Bunn,8.1,1
2017-05.csv,2017-05,33,X-Men Blue,4,3.99,Marvel,44576,Cullen Bunn,7.7,1
2017-05.csv,2017-05,18,X-Men Gold,3,3.99,Marvel,57553,Marc Guggenheim,6.2,1
2017-05.csv,2017-05,24,X-Men Gold,4,3.99,Marvel,52710,Marc Guggenheim,7,1
2017-06.csv,2017-06,29,X-Men Blue,5,3.99,Marvel,50374,Cullen Bunn,7.7,1
2017-06.csv,2017-06,39,X-Men Blue,6,3.99,Marvel,43337,Cullen Bunn,7.2,1
2017-06.csv,2017-06,20,X-Men Gold,5,3.99,Marvel,54720,Marc Guggenheim,6.7,1
2017-06.csv,2017-06,33,X-Men Gold,6,3.99,Marvel,48569,Marc Guggenheim,7.1,1
2017-07.csv,2017-07,2,Astonishing X-Men,1,4.99,Marvel,122287,Charles Soule,8.6,1
2017-07.csv,2017-07,26,X-Men Blue,7,3.99,Marvel,48481,Cullen Bunn,8,1
2017-07.csv,2017-07,35,X-Men Blue,8,3.99,Marvel,41411,Cullen Bunn,9.5,1
2017-07.csv,2017-07,20,X-Men Gold,7,3.99,Marvel,53462,Marc Guggenheim,7.3,1
2017-07.csv,2017-07,28,X-Men Gold,8,3.99,Marvel,46615,Marc Guggenheim,7.3,1
2017-08.csv,2017-08,22,Astonishing X-Men,2,3.99,Marvel,51353,Charles Soule,7.8,0
2017-08.csv,2017-08,43,X-Men Blue,9,3.99,Marvel,40118,Cullen Bunn,8.8,0
2017-08.csv,2017-08,45,X-Men Blue,10,3.99,Marvel,38714,Cullen Bunn,7.8,0
2017-08.csv,2017-08,29,X-Men Gold,9,3.99,Marvel,44853,Marc Guggenheim,7,0
2017-08.csv,2017-08,31,X-Men Gold,10,3.99,Marvel,43439,Marc Guggenheim,7.1,0
2017-09.csv,2017-09,18,Astonishing X-Men,3,3.99,Marvel,57539,Charles Soule,7.9,0
2017-09.csv,2017-09,47,X-Men Blue,11,3.99,Marvel,41624,Cullen Bunn,7.9,0
2017-09.csv,2017-09,55,X-Men Blue,12,3.99,Marvel,36607,Cullen Bunn,6.8,0
2017-09.csv,2017-09,26,X-Men Gold,11,3.99,Marvel,52623,Marc Guggenheim,5.4,0
2017-09.csv,2017-09,45,X-Men Gold,12,3.99,Marvel,41657,Marc Guggenheim,3.5,0
2017-10.csv,2017-10,50,Astonishing X-Men,4,3.99,Marvel,40588,Charles Soule,7.4,0
2017-10.csv,2017-10,15,X-Men Blue,13,3.99,Marvel,71089,Cullen Bunn,7.3,0
2017-10.csv,2017-10,61,X-Men Blue,14,3.99,Marvel,37909,Cullen Bunn,6.7,0
2017-10.csv,2017-10,11,X-Men Gold,13,3.99,Marvel,81970,Marc Guggenheim,7.4,0
2017-10.csv,2017-10,47,X-Men Gold,14,3.99,Marvel,41878,Marc Guggenheim,7.4,0
2017-11.csv,2017-11,47,Astonishing X-Men,5,3.99,Marvel,37135,Charles Soule,7.5,0
2017-11.csv,2017-11,50,X-Men Blue,15,3.99,Marvel,36204,Cullen Bunn,7.3,0
2017-11.csv,2017-11,54,X-Men Blue,16,3.99,Marvel,34540,Cullen Bunn,7.7,0
2017-11.csv,2017-11,42,X-Men Gold,15,3.99,Marvel,39997,Marc Guggenheim,6.9,0
2017-11.csv,2017-11,44,X-Men Gold,16,3.99,Marvel,39126,Marc Guggenheim,7.4,0
2017-12.csv,2017-12,41,Astonishing X-Men,6,3.99,Marvel,35437,Charles Soule,8.1,0
2017-12.csv,2017-12,42,X-Men Blue,17,3.99,Marvel,34408,Cullen Bunn,6.4,0
2017-12.csv,2017-12,44,X-Men Blue,18,3.99,Marvel,33283,Cullen Bunn,8,0
2017-12.csv,2017-12,32,X-Men Gold,17,3.99,Marvel,38148,Marc Guggenheim,7.1,0
2017-12.csv,2017-12,36,X-Men Gold,18,3.99,Marvel,37616,Marc Guggenheim,6.6,0
2018-01.csv,2018-01,18,Astonishing X-Men,7,3.99,Marvel,50772,Charles Soule,7.5,0
2018-01.csv,2018-01,55,X-Men Blue,19,3.99,Marvel,33208,Cullen Bunn,8.2,0
2018-01.csv,2018-01,57,X-Men Blue,20,3.99,Marvel,32540,Cullen Bunn,7.6,0
2018-01.csv,2018-01,45,X-Men Gold,19,3.99,Marvel,36915,Marc Guggenheim,5.9,0
2018-01.csv,2018-01,47,X-Men Gold,20,3.99,Marvel,36471,Marc Guggenheim,6.3,0
2018-02.csv,2018-02,55,Astonishing X-Men,8,3.99,Marvel,31786,Charles Soule,7,0
2018-02.csv,2018-02,36,X-Men Blue,21,3.99,Marvel,39030,Cullen Bunn,6.7,0
2018-02.csv,2018-02,49,X-Men Blue,22,3.99,Marvel,35062,Cullen Bunn,6.3,0
2018-02.csv,2018-02,33,X-Men Gold,21,3.99,Marvel,39379,Marc Guggenheim,6.7,0
2018-02.csv,2018-02,47,X-Men Gold,22,3.99,Marvel,35420,Marc Guggenheim,6.1,0
2018-02.csv,2018-02,2,X-Men Red,1,4.99,Marvel,98468,Tom Taylor,8.1,0
2018-03.csv,2018-03,51,Astonishing X-Men,9,3.99,Marvel,31577,Charles Soule,6.8,0
2018-03.csv,2018-03,37,X-Men Blue,23,3.99,Marvel,36166,Cullen Bunn,8.1,0
2018-03.csv,2018-03,48,X-Men Blue,24,3.99,Marvel,32045,Cullen Bunn,8,0
2018-03.csv,2018-03,35,X-Men Gold,23,3.99,Marvel,38531,Marc Guggenheim,7.3,0
2018-03.csv,2018-03,42,X-Men Gold,24,3.99,Marvel,35008,Marc Guggenheim,6,0
2018-03.csv,2018-03,22,X-Men Red,2,3.99,Marvel,49084,Tom Taylor,8,0
2018-04.csv,2018-04,62,Astonishing X-Men,10,3.99,Marvel,30616,Charles Soule,7.5,0
2018-04.csv,2018-04,44,X-Men Blue,25,4.99,Marvel,36952,Cullen Bunn,7.8,0
2018-04.csv,2018-04,58,X-Men Blue,26,3.99,Marvel,31165,Cullen Bunn,7.2,0
2018-04.csv,2018-04,38,X-Men Gold,25,4.99,Marvel,39579,Marc Guggenheim,7,0
2018-04.csv,2018-04,43,X-Men Gold,26,3.99,Marvel,37490,Marc Guggenheim,6.8,0
2018-04.csv,2018-04,16,X-Men Red,3,3.99,Marvel,56531,Tom Taylor,8.1,0
2018-05.csv,2018-05,52,Astonishing X-Men,11,3.99,Marvel,34480,Charles Soule,6.9,1
2018-05.csv,2018-05,61,X-Men Blue,27,3.99,Marvel,30714,Cullen Bunn,7.5,1
2018-05.csv,2018-05,62,X-Men Blue,28,3.99,Marvel,30138,Cullen Bunn,7.9,1
2018-05.csv,2018-05,50,X-Men Gold,28,3.99,Marvel,35221,Marc Guggenheim,6.7,1
2018-05.csv,2018-05,51,X-Men Gold,27,3.99,Marvel,35126,Marc Guggenheim,7.6,1
2018-05.csv,2018-05,31,X-Men Red,4,3.99,Marvel,44607,Tom Taylor,8.2,1
2018-06.csv,2018-06,65,Astonishing X-Men,12,3.99,Marvel,28513,Charles Soule,5.9,1
2018-06.csv,2018-06,59,X-Men Blue,29,3.99,Marvel,30116,Cullen Bunn,5.4,1
2018-06.csv,2018-06,60,X-Men Blue,30,3.99,Marvel,29962,Cullen Bunn,6.3,1
2018-06.csv,2018-06,9,X-Men Gold,30,4.99,Marvel,88238,Marc Guggenheim,7.5,1
2018-06.csv,2018-06,39,X-Men Gold,29,3.99,Marvel,36395,Marc Guggenheim,7.2,1
2018-06.csv,2018-06,36,X-Men Red,5,3.99,Marvel,38372,Tom Taylor,9.1,1
2018-07.csv,2018-07,33,Astonishing X-Men,13,3.99,Marvel,48504,Matthew Rosenberg,7.7,1
2018-07.csv,2018-07,62,X-Men Blue,31,3.99,Marvel,29346,Cullen Bunn,8.6,1
2018-07.csv,2018-07,65,X-Men Blue,32,3.99,Marvel,28839,Cullen Bunn,7,1
2018-07.csv,2018-07,47,X-Men Gold,31,3.99,Marvel,34842,Marc Guggenheim,7,1
2018-07.csv,2018-07,48,X-Men Gold,32,3.99,Marvel,34409,Marc Guggenheim,7.1,1
2018-07.csv,2018-07,42,X-Men Red,6,3.99,Marvel,36808,Tom Taylor,9.1,1
2018-08.csv,2018-08,55,Astonishing X-Men,14,3.99,Marvel,33186,Matthew Rosenberg,7.6,1
2018-08.csv,2018-08,84,X-Men Blue,33,3.99,Marvel,28263,Cullen Bunn,7.6,1
2018-08.csv,2018-08,87,X-Men Blue,34,3.99,Marvel,28038,Cullen Bunn,8,1
2018-08.csv,2018-08,54,X-Men Gold,33,3.99,Marvel,33415,Marc Guggenheim,6.8,1
2018-08.csv,2018-08,62,X-Men Gold,34,3.99,Marvel,32167,Marc Guggenheim,7,1
2018-08.csv,2018-08,39,X-Men Red,7,3.99,Marvel,39634,Tom Taylor,8,1
2018-09.csv,2018-09,59,Astonishing X-Men,15,3.99,Marvel,32052,Matthew Rosenberg,8.1,1
2018-09.csv,2018-09,65,X-Men Blue,36,3.99,Marvel,31387,Cullen Bunn,9.3,1
2018-09.csv,2018-09,82,X-Men Blue,35,3.99,Marvel,27278,Cullen Bunn,9.3,1
2018-09.csv,2018-09,52,X-Men Gold,36,3.99,Marvel,35430,Marc Guggenheim,5.9,1
2018-09.csv,2018-09,63,X-Men Gold,35,3.99,Marvel,31615,Marc Guggenheim,5.4,1
2018-09.csv,2018-09,42,X-Men Red,8,3.99,Marvel,39763,Tom Taylor,8.6,1
2018-10.csv,2018-10,71,Astonishing X-Men,16,3.99,Marvel,32424,Matthew Rosenberg,8,0
2018-10.csv,2018-10,55,X-Men Red,9,3.99,Marvel,36673,Tom Taylor,8.2,0
2018-11.csv,2018-11,59,Astonishing X-Men,17,3.99,Marvel,31553,Matthew Rosenberg,8.5,0
2018-11.csv,2018-11,1,Uncanny X-Men,1,7.99,Marvel,176125,Matthew Rosenberg,7.5,0
2018-11.csv,2018-11,15,Uncanny X-Men,2,3.99,Marvel,62320,Matthew Rosenberg,7.8,0
2018-11.csv,2018-11,17,Uncanny X-Men,3,3.99,Marvel,58282,Matthew Rosenberg,7.4,0
2018-11.csv,2018-11,58,X-Men Red,10,3.99,Marvel,31821,Tom Taylor,8.5,0
2018-12.csv,2018-12,17,Uncanny X-Men,4,3.99,Marvel,59113,Matthew Rosenberg,7.4,0
2018-12.csv,2018-12,20,Uncanny X-Men,6,3.99,Marvel,57475,Matthew Rosenberg,7.6,0
2018-12.csv,2018-12,25,Uncanny X-Men,5,3.99,Marvel,51916,Matthew Rosenberg,7.1,0
2018-12.csv,2018-12,27,Uncanny X-Men,7,3.99,Marvel,49964,Matthew Rosenberg,6.5,0
2018-12.csv,2018-12,54,X-Men Red,11,3.99,Marvel,30415,Tom Taylor,8.8,0
2019-01.csv,2019-01,21,Uncanny X-Men,10,4.99,Marvel,52365,Matthew Rosenberg,7,0
2019-01.csv,2019-01,23,Uncanny X-Men,8,3.99,Marvel,51292,Matthew Rosenberg,7.2,0
2019-01.csv,2019-01,29,Uncanny X-Men,9,3.99,Marvel,46566,Matthew Rosenberg,6.3,0
2019-02.csv,2019-02,7,Uncanny X-Men,12,3.99,Marvel,68636,Matthew Rosenberg,7.8,0
2019-02.csv,2019-02,9,Uncanny X-Men,11,7.99,Marvel,66962,Matthew Rosenberg,7.5,0
2019-03.csv,2019-03,20,Uncanny X-Men,13,3.99,Marvel,50430,Matthew Rosenberg,8.3,0
2019-03.csv,2019-03,23,Uncanny X-Men,14,3.99,Marvel,48840,Matthew Rosenberg,8.1,0
2019-04.csv,2019-04,24,Uncanny X-Men,15,3.99,Marvel,48162,Matthew Rosenberg,8.1,0
2019-04.csv,2019-04,25,Uncanny X-Men,16,3.99,Marvel,48160,Matthew Rosenberg,7.3,0
2019-05.csv,2019-05,33,Uncanny X-Men,18,3.99,Marvel,42703,Matthew Rosenberg,6.6,0
2019-05.csv,2019-05,34,Uncanny X-Men,17,3.99,Marvel,42677,Matthew Rosenberg,6.5,0
2019-06.csv,2019-06,24,Uncanny X-Men,19,3.99,Marvel,51920,Matthew Rosenberg,7.5,1
2019-06.csv,2019-06,36,Uncanny X-Men,20,3.99,Marvel,41199,Matthew Rosenberg,6.7,1
2019-07.csv,2019-07,26,Uncanny X-Men,22,4.99,Marvel,51606,Matthew Rosenberg,7.7,1
2019-07.csv,2019-07,29,Uncanny X-Men,21,3.99,Marvel,47485,Matthew Rosenberg,7.1,1
2019-10.csv,2019-10,1,X-Men,1,4.99,Marvel,255724,Jonathan Hickman,8.6,0
2019-11.csv,2019-11,2,X-Men,2,3.99,Marvel,117538,Jonathan Hickman,8.3,0
2019-12.csv,2019-12,2,X-Men,3,3.99,Marvel,105708,Jonathan Hickman,8.4,0
